"gene","HR_disc","FDR_disc","b_t","se_t","p_t","b_ta","se_ta","p_ta","b_tm","se_tm","p_tm","b_g","se_g","p_g","b_ga","se_ga","p_ga","total_tumor_UMI","share_bulk_epithelial","share_spec_epithelial","share_bulk_stromal","share_spec_stromal","share_bulk_immune","share_spec_immune","UMI_B_cells","UMI_Epithelial_cells","UMI_Mast_cells","UMI_Myeloids","UMI_Stromal_cells","UMI_T_cells","dominant_bulk","b_mu","p_mu","b_ma","p_ma","rep_tcga_uni","rep_tcga_adj","rep_gse_uni","rep_gse_adj","rep_meta_uni","rep_meta_adj","rep_tcga_msi"
"AATF",0.797439704926103,0.0408452637200154,-0.107276668837688,0.119376386413191,0.368843227183462,-0.164645368239687,0.127983408985013,0.198283028197426,-0.210899500721864,0.227128192034246,0.353123216198066,0.0550000981395214,0.120800899743304,0.648896710323011,0.0236974275066114,0.122550026201944,0.846669662623867,15200,0.758421052631579,0.252788872054515,0.0480263157894737,0.184518704865821,0.193552631578947,0.562692423079664,367,11528,0,801,730,1774,"epithelial",-0.0271007297575943,0.749600447507613,-0.0663912521649131,0.453217970386234,FALSE,FALSE,FALSE,FALSE,FALSE,FALSE,FALSE
"ACP6",0.77596720278143,0.0159196250848013,-0.0265268347880343,0.11274050887732,0.81398282692447,0.0435287268052767,0.122601563670974,0.722557989687434,-0.0169080542281381,0.243965892205575,0.94474685218601,0.0792914005848442,0.113512964239753,0.484850265884484,0.136124861886936,0.113850871732855,0.23183636982158,4465,0.840089585666293,0.375232091996803,0.0165733482642777,0.0853293001110049,0.143337066069429,0.539438607892192,59,3751,0,64,74,517,"epithelial",0.0260210114913085,0.744955480018755,0.093248928698731,0.26368169765706,FALSE,FALSE,FALSE,FALSE,FALSE,FALSE,FALSE
"ACTR3B",0.747391270869672,0.0116518694532819,-0.0688553083097293,0.110769580939305,0.534199358629584,-0.0403194120765211,0.118565353663005,0.733810849090722,0.0331461908185676,0.2022526347721,0.869821606541319,0.0196835951046165,0.122407627328213,0.872248038511995,-0.0285535116900974,0.121971527745332,0.81490749203536,2319,0.866321690383786,0.404012510141247,0.0439844760672704,0.23644416526403,0.0896938335489435,0.359543324594723,26,2009,0,38,102,144,"epithelial",-0.0289939177123738,0.724079566089394,-0.0346030420348163,0.683998473053854,FALSE,FALSE,FALSE,FALSE,FALSE,FALSE,FALSE
"ADSL",0.804182145098741,0.0420756057874676,-0.200290742053494,0.112383772178976,0.0747160668654675,-0.0174040722773647,0.12216335308877,0.886712269563039,0.404173062578667,0.260936367403828,0.121397723672312,0.0495610853238204,0.115704121875292,0.668401199041818,0.0513134270363123,0.118301609103173,0.664469354730932,16156,0.755199306759099,0.147445256503951,0.0729759841544937,0.164233873720489,0.171824709086408,0.688320869775561,367,12201,1,938,1179,1470,"epithelial",-0.0790012321096546,0.327098813737685,0.0180579606364219,0.831728055974495,FALSE,FALSE,FALSE,FALSE,FALSE,FALSE,FALSE
"AHCY",0.801843925714637,0.035435715689267,-0.176611189306533,0.108910698687218,0.104885874463423,-0.131365297485022,0.122958510334002,0.285353226649334,0.393561807504892,0.299418102314865,0.188704156136221,-0.0480946145098906,0.114028542328165,0.673187807872969,-0.0554857602175007,0.113053729803168,0.623574231673528,80084,0.94444583187653,0.631461513596136,0.0178187902702163,0.137328792487435,0.0377353778532541,0.231209693916429,684,75635,0,1418,1427,920,"epithelial",-0.115301603535689,0.143197560671854,-0.0902466734310736,0.278187651133164,FALSE,FALSE,FALSE,FALSE,FALSE,FALSE,FALSE
"ANAPC1",0.782641967041963,0.0200286715784628,-0.221721336707924,0.104035266666129,0.0330715795687273,-0.209435115239163,0.110850402423703,0.0588450577488266,0.102835630399363,0.25110590758975,0.682150089136935,-0.137024428733378,0.118586151931827,0.247892185885712,-0.0956697731037525,0.112225154783666,0.393947373217626,6780,0.812979351032448,0.318574443580096,0.041740412979351,0.188539223070068,0.145280235988201,0.492886333349836,157,5512,0,185,283,643,"epithelial",-0.18488525593446,0.0180740583702139,-0.153253521577078,0.05198621086176,TRUE,FALSE,FALSE,FALSE,TRUE,FALSE,FALSE
"ASF1B",0.787085109436933,0.0227906613872393,-0.0879612344760449,0.107544018112477,0.413409075651206,0.00922696343868286,0.122172774585057,0.939797888715867,0.246578253255952,0.311881588389335,0.429168707310863,0.0343567831221138,0.112751252182191,0.760584674562083,0.131354567555974,0.115180610477445,0.254110295218376,4500,0.874444444444444,0.0944362561347621,0.0257777777777778,0.0320896933656686,0.0997777777777778,0.873474050499569,69,3935,1,126,116,253,"epithelial",-0.0296919058242197,0.702801400073543,0.0738853880252949,0.377991002598698,FALSE,FALSE,FALSE,FALSE,FALSE,FALSE,FALSE
"AURKA",0.757619922425195,0.0116518694532819,-0.198784318188305,0.110349083188096,0.0716377441390149,-0.162153367657137,0.123487191943767,0.189142880669728,0.117183939801438,0.295538773312489,0.691729179604888,-0.0206689004319419,0.109168986981495,0.849834642450252,0.0380344341443839,0.111779253332725,0.733657871492674,6805,0.913152094048494,0.531486832133731,0.0139603232916973,0.0936609198569292,0.072887582659809,0.37485224800934,52,6214,0,186,95,258,"epithelial",-0.10876911522179,0.161058785198131,-0.0521218132623372,0.529379542115265,FALSE,FALSE,FALSE,FALSE,FALSE,FALSE,FALSE
"AURKB",0.81090567646013,0.035435715689267,-0.0254291872513097,0.110101087452406,0.817344183172265,0.0497656198986123,0.120870978819852,0.680540900898691,0.101446493724061,0.293629337737146,0.729724762697717,0.0772348291922896,0.115664928647131,0.504295544185425,0.104487630235033,0.115184555669556,0.364336842242828,4947,0.878310086921366,0.101845035031178,0.0378006872852234,0.0505248742045394,0.0838892257934101,0.847630090764283,78,4345,1,146,187,190,"epithelial",0.0233742757643948,0.769443418075481,0.0784440779258686,0.346838754526492,FALSE,FALSE,FALSE,FALSE,FALSE,FALSE,FALSE
"BCL2L12",0.812907727443952,0.0439299193674998,-0.0901647261977248,0.108965650326119,0.407976337196338,0.0137216780988125,0.119956073620188,0.90892928286586,0.174687784125062,0.283446268131942,0.53769689022474,-0.0153685858185086,0.11852687656853,0.896832820646582,0.0302059352953823,0.114016175361538,0.791065887423087,16030,0.864067373674361,0.398187484383796,0.0341859014348097,0.181593620685175,0.10174672489083,0.420218894931029,411,13851,0,486,548,734,"epithelial",-0.0559047011031524,0.48585856759198,0.0223820261426325,0.786520260693801,FALSE,FALSE,FALSE,FALSE,FALSE,FALSE,FALSE
"BID",0.775803132399897,0.0221675639042961,-0.0994045621962786,0.111735845947933,0.373659777399553,0.0605464343782799,0.1230560771392,0.622703003031473,0.491072530660425,0.266019060238373,0.0648914710530111,-0.237005060136442,0.114758294703364,0.0388989463683112,-0.275045013705428,0.115298817186857,0.0170560489426435,46011,0.767925061398361,0.256257031637405,0.0302971028667058,0.116539085226558,0.201777835734933,0.627203883136038,899,35333,0,6700,1394,1685,"epithelial",-0.166368929646982,0.0376958266244731,-0.118159557319308,0.160210292018982,FALSE,FALSE,TRUE,TRUE,TRUE,FALSE,FALSE
"BIRC5",0.764232386460345,0.0116518694532819,-0.159770445730298,0.115859913937269,0.167895753403245,0.00850398136609893,0.134049314483196,0.949416772451058,0.20646235565866,0.303234737482159,0.495956006159914,-0.064081387921296,0.108791699517431,0.555842301224766,-0.0186024630239027,0.104557381546722,0.858788705311436,17223,0.902978575161122,0.120247045501253,0.0330952795680195,0.0508015046839931,0.0639261452708587,0.828951449814754,185,15552,3,420,570,493,"epithelial",-0.108918229071325,0.169643788534897,-0.00834920002147719,0.919335262791254,FALSE,FALSE,FALSE,FALSE,FALSE,FALSE,FALSE
"BRIP1",0.804178525418207,0.0408452637200154,-0.305667767191267,0.107366672732192,0.00441400127614204,-0.216293478338801,0.12827108538698,0.0917531197605481,-0.127128499256429,0.296860635249458,0.668474187951533,0.0745699595489244,0.12212630923046,0.541466401064966,0.11683106397608,0.116891864753007,0.317562293293281,735,0.844897959183673,0.363251128087181,0.0435374149659864,0.215763959394773,0.11156462585034,0.420984912518046,8,621,0,28,32,46,"epithelial",-0.139902818952758,0.0827415093231752,-0.0343024943743647,0.691347718184086,TRUE,FALSE,FALSE,FALSE,FALSE,FALSE,FALSE
"BZW2",0.73631268828294,0.0116518694532819,0.0613325415863606,0.11050854633214,0.578892813664674,0.105853285213033,0.123370099897322,0.390884677752235,0.688287135636348,0.268202178316561,0.0102790010228554,-0.0205916867563876,0.120421550784955,0.864226367168319,-0.0916930856574276,0.108633308751222,0.398635595032268,37267,0.900877451901146,0.482046647679307,0.0327635709877371,0.202082233711906,0.0663589771111171,0.315871118608787,329,33573,0,953,1221,1191,"epithelial",0.0238806737439146,0.76929299031702,-0.00541756502692875,0.947020786310242,FALSE,FALSE,FALSE,FALSE,FALSE,FALSE,FALSE
"CCDC137",0.805885402744726,0.0473982060830308,-0.0711166485737441,0.115362219736178,0.53758836396295,-0.0405260491337213,0.130133809461211,0.755482647104373,0.316123416317012,0.304251312266808,0.298795101828433,0.0554860013837642,0.114935075458811,0.629266499174968,0.00711422669993628,0.115509726872997,0.950889460480945,6378,0.753998118532455,0.244885060734642,0.0666353088742553,0.249465215586573,0.179366572593289,0.505649723678785,167,4809,0,250,425,727,"epithelial",-0.00758050793486133,0.925822921396432,-0.0138797233821445,0.872354505651058,FALSE,FALSE,FALSE,FALSE,FALSE,FALSE,FALSE
"CCDC34",0.758170736206763,0.0116518694532819,-0.0364417959783503,0.109497601115167,0.739278403137454,0.0297499390685985,0.113255240856139,0.792796876634934,0.150578309537751,0.243109448068167,0.535662857791958,-0.108194149503546,0.11163227691152,0.332444755449665,-0.0880576849972454,0.106663009490489,0.409048568312914,20747,0.917964042994168,0.274008135166346,0.0520557188991179,0.179109981379189,0.0299802381067142,0.546881883454465,94,19045,1,244,1080,283,"epithelial",-0.0716253764198106,0.359523389416886,-0.0326820836156449,0.673828123766307,FALSE,FALSE,FALSE,FALSE,FALSE,FALSE,FALSE
"CCNA2",0.817544378310725,0.0465419027375751,-0.255859726486855,0.103882334163478,0.0137789025518113,-0.108779751788682,0.11401972764454,0.34006174908405,0.0568151961940375,0.259897872915461,0.826957093065562,0.0492905853938085,0.113583997895743,0.664319574523727,0.102209274523674,0.115447009914404,0.375975996972254,5144,0.910769828926905,0.518102952025874,0.0250777604976672,0.164440858377205,0.0641524105754277,0.317456189596921,38,4685,0,88,129,204,"epithelial",-0.116870974069966,0.127358303163003,-0.00459753883513778,0.95480571772166,TRUE,FALSE,FALSE,FALSE,FALSE,FALSE,FALSE
"CCNB1",0.770057012932441,0.0116518694532819,-0.214667978180468,0.102758022209,0.0367020559216593,-0.0280617395098182,0.112230077162668,0.802558268790988,0.191888820451772,0.262443239782997,0.464679518148675,0.0381546224696823,0.112537234296358,0.734579606846595,0.144707581978572,0.118845116054661,0.223370356344434,12501,0.921926245900328,0.214464434687225,0.0308775297976162,0.0827971152906981,0.0471962243020558,0.702738450022076,144,11525,1,197,386,248,"epithelial",-0.0997168248968209,0.188817574254837,0.0533810669163464,0.512980710947881,TRUE,FALSE,FALSE,FALSE,FALSE,FALSE,FALSE
"CCNB2",0.797727373422753,0.0235311345819111,-0.102021327206338,0.107870184531462,0.344261451397063,0.0423491503281206,0.115849812887875,0.714699272186141,0.80376950984624,0.319033228261672,0.0117557963069249,0.114043561509568,0.115540192395143,0.323619762719561,0.183887418932369,0.112138779613358,0.101042588550259,9914,0.940488198507162,0.196499524447953,0.0161387936251765,0.0388680519676525,0.0433730078676619,0.764632423584394,66,9324,1,158,160,205,"epithelial",-0.00139797653433665,0.985854222745156,0.1154215318665,0.152003903980029,FALSE,FALSE,FALSE,FALSE,FALSE,FALSE,FALSE
"CCNF",0.767750018372864,0.0147144453029172,-0.288301295508539,0.109799362363814,0.00864684249696148,-0.202346404503402,0.124336768876236,0.10365089667412,-0.146743344904891,0.255213639970856,0.565303216852626,0.0105499519359265,0.116046283812845,0.9275628424801,0.0517926357313371,0.120815162033115,0.668146526119696,1179,0.826972010178117,0.336976802080443,0.0458015267175573,0.215130854318094,0.127226463104326,0.447892343601463,25,975,0,25,54,100,"epithelial",-0.147135618600904,0.0650664698771717,-0.0716269309204681,0.408436785715261,TRUE,FALSE,FALSE,FALSE,FALSE,FALSE,FALSE
"CCT2",0.810446648112264,0.0434786350956885,-0.242381907719431,0.108371831160714,0.0253140220632928,-0.0457263616513629,0.127375815287445,0.719604228044237,0.125680505532375,0.272165683043555,0.644239525729627,0.0695881080289234,0.115284193313288,0.546094794185127,0.0865913085467055,0.116641230283066,0.457861329504143,66198,0.846974228828665,0.365579642385658,0.046557297803559,0.23163977085019,0.106468473367775,0.402780586764152,1085,56068,0,1898,3082,4065,"epithelial",-0.0960295125666339,0.223923173179795,0.0262420341956644,0.760321444624119,TRUE,FALSE,FALSE,FALSE,FALSE,FALSE,FALSE
"CD320",0.8032831808373,0.0439299193674998,-0.0485777804045087,0.112873225865155,0.666923098213404,0.0616571694579482,0.120768925859039,0.609674346671834,0.586169811331753,0.290580648880134,0.0436708673659314,-0.0133012377776876,0.119124939118134,0.911094679830316,-0.0825260373123489,0.120155073393672,0.492190238813422,48127,0.892139547447379,0.456581557184311,0.0407671369501527,0.240496820397348,0.0670933156024685,0.302921622418341,1029,42936,0,400,1962,1800,"epithelial",-0.031889425225262,0.697123292574055,-0.0108017972560673,0.899088081885479,FALSE,FALSE,FALSE,FALSE,FALSE,FALSE,FALSE
"CDC20",0.813098658386985,0.0427979462781114,-0.181277787446151,0.106004736002473,0.0872489727536826,-0.0997798982415729,0.115119098089416,0.386077003879876,-0.0530590628698249,0.228159551054826,0.816108953413459,0.0318163755660365,0.110360171906873,0.773120311329959,0.107726711980412,0.113235604086034,0.341426643277372,12283,0.940731091752829,0.225636442936459,0.0213302939021412,0.0589731246784272,0.0379386143450297,0.715390432385113,87,11555,1,177,262,201,"epithelial",-0.0790185640730461,0.301324539146283,0.00568482715082015,0.943859295995155,FALSE,FALSE,FALSE,FALSE,FALSE,FALSE,FALSE
"CDC25A",0.786325715548759,0.0235311345819111,-0.184960515124137,0.110269515772548,0.093474161871268,-0.0921992654527167,0.119660002382505,0.440997242009817,0.307439425879712,0.264573443109848,0.245227658062213,0.0231285968348549,0.116771504546023,0.84299254136135,0.0827271650990953,0.11667640596702,0.478305365720572,1604,0.955112219451372,0.682117391917722,0.0168329177057357,0.138572698714295,0.0280548628428928,0.179309909367983,14,1532,0,10,27,21,"epithelial",-0.086870320802707,0.278567166075079,-0.00252806745873887,0.975857589924034,FALSE,FALSE,FALSE,FALSE,FALSE,FALSE,FALSE
"CDC25C",0.78812947661308,0.0227310024723768,-0.28629977658488,0.10037801855125,0.0043415607190938,-0.171927494153756,0.115911404067465,0.138003638541502,-0.419402065768024,0.260532240843808,0.107443818201552,-0.222555174146715,0.118105354886383,0.0595138157531,-0.184771912808402,0.117746110578931,0.116592014678634,962,0.927234927234927,0.554090465103042,0.0353430353430353,0.243449166907403,0.0374220374220374,0.202460367989554,10,892,0,12,34,14,"epithelial",-0.259565766941824,0.000689669222093002,-0.178248853800711,0.0309352840960755,TRUE,FALSE,FALSE,FALSE,TRUE,TRUE,FALSE
"CDCA3",0.777085085715872,0.0135899205784732,0.00428317377526677,0.107829927527774,0.9683151066409,0.170385714950572,0.119392246967492,0.153548563757802,0.705849976882144,0.308284348905891,0.0220441138078535,-0.00775640900191107,0.111325331949266,0.944453652515368,0.0174083510026397,0.101919943963412,0.864377753412154,4782,0.92534504391468,0.0607285500010184,0.0253032204098703,0.0191416142654461,0.0493517356754496,0.920129835733535,58,4425,2,88,121,88,"epithelial",-0.0015446418041707,0.984088985237972,0.0818944842339158,0.29075156742792,FALSE,FALSE,FALSE,FALSE,FALSE,FALSE,FALSE
"CDCA7",0.816541679740618,0.0135899205784732,-0.0858719977459638,0.105025343633852,0.413567806515212,-0.0285087723861931,0.117255098705975,0.807901122625258,0.302020181380112,0.303168273115817,0.319146653875086,0.0705268848429093,0.122527791138017,0.564886197590386,0.112339712026783,0.115359819753042,0.330145867665619,16613,0.950219707458015,0.681771842210967,0.00638054535604647,0.0527699132893774,0.0433997471859387,0.265458244499656,90,15786,0,96,106,535,"epithelial",-0.0196313637749609,0.80553513831542,0.043062986280842,0.600510496964388,FALSE,FALSE,FALSE,FALSE,FALSE,FALSE,FALSE
"CDK5RAP1",0.728152032348014,0.0116518694532819,-0.0217607489491717,0.110508036232584,0.843893637426177,-0.0339498247591148,0.117148626139916,0.771968249283989,-0.0127340743290147,0.303962742274963,0.966583568763683,-0.0106733614656041,0.116056826174683,0.926724509650572,-0.0205868371957281,0.118759024703368,0.862376587217963,7828,0.779892692897292,0.280723575002902,0.0350025549310169,0.145230333197308,0.185104752171691,0.574046091799791,215,6105,0,247,274,987,"epithelial",-0.0164884331454736,0.836770389907684,-0.0273595477443768,0.742872603338539,FALSE,FALSE,FALSE,FALSE,FALSE,FALSE,FALSE
"CDT1",0.761376848650715,0.0140822055887376,-0.0730771537789916,0.112954514967924,0.517657254482215,-0.0296863349681644,0.122855366059835,0.809061873005706,0.14534435175864,0.321041463670035,0.650744857059136,0.0350559048392064,0.114796287998012,0.760080637113562,0.049615310673745,0.118429269651761,0.675256573566608,8103,0.91941256324818,0.0948413760635864,0.0209798839935826,0.0249461798142812,0.0596075527582377,0.880212444122132,71,7450,2,135,170,275,"epithelial",-0.0198850166792914,0.804927288327717,0.0114186983869641,0.893464443322661,FALSE,FALSE,FALSE,FALSE,FALSE,FALSE,FALSE
"CENPM",0.758881496418539,0.0140822055887376,-0.083881035028867,0.108366558997345,0.43890176928196,0.0960286793907886,0.119818459258047,0.422870332744318,0.707988109314711,0.278937050173361,0.0111435601881068,-0.051757673508474,0.119172412737222,0.664063934494564,0.0445655131815581,0.120027876178461,0.710419292815118,11841,0.762351152774259,0.0909906778347533,0.0222109619120007,0.0305578475274286,0.21543788531374,0.878451474637818,660,9027,2,303,263,1586,"epithelial",-0.0693414638247104,0.387108905587124,0.0703420302625319,0.406809748648295,FALSE,FALSE,FALSE,FALSE,FALSE,FALSE,FALSE
"CERCAM",1.24126042895865,0.0408452637200154,0.303419222628784,0.109635656773032,0.00564840266795823,0.28864390434531,0.114717076473692,0.0118648982769844,0.412207980919924,0.243613971307061,0.0906356887520743,0.232364968119798,0.096066276941722,0.015571862761313,0.191039074366393,0.104697040670056,0.0680486434382758,6642,0.124059018367961,0.0124111493336295,0.763324299909666,0.880250543827008,0.112616681722373,0.107338306839362,504,824,0,165,5070,79,"stromal",0.26322522260321,0.000269375189955222,0.235393423182951,0.00233514124109338,TRUE,TRUE,TRUE,FALSE,TRUE,TRUE,FALSE
"CHAF1A",0.764561666657966,0.0140822055887376,-0.116675656407983,0.108951064346934,0.284214554377429,-0.0186555708485844,0.11026748295561,0.865651365188888,0.299424581288607,0.236752238784052,0.205972793526259,-0.0344724887853601,0.116377806552909,0.767068277359357,0.0272796987637664,0.111290829605224,0.806362887068359,4887,0.740740740740741,0.230076598612404,0.0409249028033558,0.14652354809429,0.218334356455903,0.623399853293306,145,3620,0,631,200,291,"epithelial",-0.0782805133800768,0.325010202344205,0.00409989994135885,0.958256784617884,FALSE,FALSE,FALSE,FALSE,FALSE,FALSE,FALSE
"CHAF1B",0.800633670322613,0.0408540102129595,-0.210241113364752,0.106182262035965,0.0477032804908578,-0.0658407552307147,0.116371367250854,0.571542391237904,0.285504879373286,0.256218116278529,0.265148778954016,-0.169778648502129,0.119574525396895,0.15564950755124,-0.0268610080976499,0.124928973733214,0.829759338195042,1994,0.885155466399198,0.441323999111953,0.0436308926780341,0.250752713313992,0.0712136409227683,0.307923287574054,13,1765,0,39,87,90,"epithelial",-0.192401763623157,0.0153802530582404,-0.0477315441030463,0.575106371682635,TRUE,FALSE,FALSE,FALSE,TRUE,FALSE,FALSE
"CHCHD6",0.757479569686158,0.0135899205784732,-0.149268206549991,0.109795139728569,0.173983258862541,-0.135130822797795,0.122581260119422,0.27029759012764,-0.154109774600102,0.312281987790453,0.621662475934594,-0.00981030870667896,0.121990585468562,0.935904356253263,-0.0344612356478884,0.114631880875193,0.76370028954106,10051,0.89413988657845,0.459515548331157,0.0344244353795642,0.203927183573079,0.0714356780419859,0.336557268095764,148,8987,0,355,346,215,"epithelial",-0.0868566018589968,0.287191331805389,-0.0814262200310099,0.330787795606841,FALSE,FALSE,FALSE,FALSE,FALSE,FALSE,FALSE
"CHDH",0.771541895941274,0.0116518694532819,-0.149190170692972,0.0960780340695831,0.12047042677046,-0.208100827122321,0.106365090390495,0.0504090178611866,-0.357831397217571,0.249178387806712,0.150989514800719,-0.180739585661472,0.114930690964982,0.115812312279797,-0.203893108597491,0.120631385081317,0.0909866203269383,6529,0.969214274774085,0.767037627906436,0.00750497779139225,0.0684636158108182,0.0232807474345229,0.164498756282746,38,6328,0,42,49,72,"epithelial",-0.162168406494463,0.0278085570891825,-0.206260374502964,0.00972849593280789,FALSE,FALSE,FALSE,FALSE,TRUE,TRUE,FALSE
"CHEK2",0.791565321769987,0.0317301239677222,-0.161969989851664,0.109199952911389,0.138010045041134,0.0218886070073384,0.119637317376091,0.854830955765741,0.426297348065149,0.218888605086243,0.0514683690245726,0.075239572249437,0.11621224789855,0.517352145109949,0.120505735491763,0.113529810761392,0.288487373396352,2856,0.843137254901961,0.348572339162438,0.0570728291316527,0.271980392334203,0.0997899159663866,0.379447268503358,72,2408,0,132,163,81,"epithelial",-0.0507373706700198,0.523755354144404,0.0737785462737451,0.370311420896507,FALSE,FALSE,FALSE,FALSE,FALSE,FALSE,FALSE
"CKMT2",0.762797555015847,0.0281147632386413,0.0146354771148396,0.110926720454844,0.895033135804481,0.115961381042566,0.12175808380493,0.34089839798286,0.605791351866466,0.266679232349049,0.0231100444313348,-0.131496841369005,0.130938317910647,0.315250635818588,-0.0813680977904316,0.128658856263126,0.527104020014092,2234,0.982990152193375,0.849494394816873,0.00895255147717099,0.0891808753358027,0.00805729632945389,0.0613247298473244,4,2196,0,4,20,10,"epithelial",-0.0464220920135431,0.583361892764683,0.0227303496196203,0.797156366596555,FALSE,FALSE,FALSE,FALSE,FALSE,FALSE,FALSE
"CNNM3",0.801062416198104,0.0408452637200154,0.180898034282816,0.111058540386289,0.103344146321613,0.157710298813938,0.124525387964477,0.205337304510692,0.791188479244251,0.311842360177066,0.0111761478179639,-0.00968963252393677,0.120093708584406,0.935693316173599,0.0636548740051044,0.131332874993303,0.62790089151941,1995,0.818546365914787,0.326116149173319,0.0446115288220551,0.204875336845624,0.136842105263158,0.469008513981057,37,1633,0,48,89,188,"epithelial",0.0930424357634108,0.25382854593559,0.113183299654717,0.210375781247184,FALSE,FALSE,FALSE,FALSE,FALSE,FALSE,FALSE
"CNPY2",0.781773415943437,0.0235311345819111,-0.0038701191780329,0.111816669501579,0.972389698754725,0.0499553597520123,0.120609257379222,0.67873368100014,0.393321462167636,0.263704794961119,0.13582454042587,-0.0279034543497708,0.118898084018816,0.81445416117383,-0.0704940271015275,0.124051878436129,0.569856757218975,58656,0.795434397163121,0.235828128947203,0.0692853246044735,0.236780562101288,0.135280278232406,0.527391308951509,2673,46657,1,2149,4064,3112,"epithelial",-0.0151498168747613,0.852452192276472,-0.00857482869950086,0.921011609741805,FALSE,FALSE,FALSE,FALSE,FALSE,FALSE,FALSE
"CPSF3",0.802403334843597,0.0438740636314236,0.0152376404449928,0.115048306306114,0.894631859152926,0.0178263570639486,0.123396210557822,0.885133781927291,0.190661470939256,0.256588653651435,0.457443689768242,0.0649929042997217,0.127101060215466,0.609107226983717,0.0969985793305855,0.131265482664015,0.459937586361054,7042,0.819795512638455,0.32079112730204,0.0464356716841806,0.20945083502651,0.133768815677364,0.46975803767145,129,5773,0,411,327,402,"epithelial",0.0376448718471175,0.658960416376823,0.054968310174778,0.54094369085741,FALSE,FALSE,FALSE,FALSE,FALSE,FALSE,FALSE
"CRLS1",0.808068019665068,0.0471606839389895,-0.034502745300455,0.108519307369055,0.750529634182932,0.00913911800924669,0.114579924335421,0.936426588662906,0.0961808682317415,0.198068288662804,0.627254708811351,-0.0909302885387282,0.122624064235586,0.458367867568087,-0.0792308195651055,0.121114533194058,0.512995237605325,41538,0.908084163898117,0.501615895506656,0.0295392171024122,0.18808654207936,0.0623766189994704,0.310297562413984,670,37720,0,832,1227,1089,"epithelial",-0.0592859875055864,0.465677825008466,-0.032597683583449,0.695326807355696,FALSE,FALSE,FALSE,FALSE,FALSE,FALSE,FALSE
"CSTF3",0.796403595693023,0.0349479865777525,-0.263517420235453,0.113027921259778,0.0197303551927469,-0.218577121723808,0.119013915611926,0.0662737287818236,-0.725273577204406,0.330726488625848,0.0283094732011818,0.0111244534851566,0.115032906985541,0.92295931439203,0.0351130249932862,0.118580742816112,0.767145554196696,8883,0.788697512101767,0.277836366450534,0.0663064280085557,0.269245098373269,0.144996059889677,0.452918535176197,200,7006,0,438,589,650,"epithelial",-0.128610797504707,0.110661822836246,-0.0912695324754579,0.277250560373284,TRUE,FALSE,FALSE,FALSE,FALSE,FALSE,TRUE
"CTNNBL1",0.787347685829543,0.0352254089882815,0.0662034685868738,0.107105391838204,0.536499416368697,0.000817163226733508,0.115422242064402,0.994351205938204,-0.163623358112786,0.264594562257423,0.536316477909012,0.0010949022188583,0.119248975326087,0.992674207059354,-0.0841797983295904,0.126883430330864,0.50704750649905,15154,0.757357793321895,0.246624836780349,0.0552329417975452,0.207322978950641,0.18740926488056,0.54605218426901,307,11477,0,1278,837,1255,"epithelial",0.0371321410258009,0.641218532306632,-0.0376698906100811,0.659069455538,FALSE,FALSE,FALSE,FALSE,FALSE,FALSE,FALSE
"CYP2S1",0.800773788812551,0.0282158221184911,-0.219557427757692,0.107517055431628,0.041144519610325,-0.246039714855636,0.114300273814949,0.0313522306863444,0.249353107900105,0.317109981810466,0.431674151925371,-0.140263757729881,0.117986562599419,0.234513934162244,-0.0788553682127307,0.116900825597498,0.499962163825674,12082,0.936103294156597,0.6036192868657,0.00537990398940573,0.0399877909374735,0.0585168018539977,0.356392922196826,42,11310,0,605,65,60,"epithelial",-0.183584059676509,0.0208825155532699,-0.16432779449341,0.0443565337102174,TRUE,TRUE,FALSE,FALSE,TRUE,TRUE,FALSE
"DCBLD2",1.38991641478535,0.00265655983155368,0.312131339725621,0.106474365114899,0.00337311635150802,0.14553059295447,0.110900145105479,0.189430086089983,-0.149700800394964,0.22499008486747,0.505816290740993,0.537959024895726,0.109866265696431,9.75638203049903e-07,0.452845791025602,0.112796032546234,5.95134916881307e-05,4629,0.812702527543746,0.277766818846874,0.166342622596673,0.655338755761678,0.0209548498595809,0.066894425391448,26,3762,0,53,770,18,"epithelial",0.421505408904644,3.53221513289947e-08,0.296583797124548,0.000176534128818196,TRUE,FALSE,TRUE,TRUE,TRUE,TRUE,FALSE
"DDX20",0.810155729885445,0.0482659330347786,-0.257488162790878,0.102587435168105,0.0120752157522995,-0.0428747199122076,0.122752308456381,0.726880373904314,-0.192225430946976,0.217382395115356,0.376548739891705,-0.00349267136089624,0.114872272584497,0.975744196734313,0.059460832440688,0.126675660950292,0.638787826176824,2539,0.711697518708153,0.208413933274252,0.068924773532887,0.232659183281512,0.21937770775896,0.558926883444236,97,1807,0,112,175,348,"epithelial",-0.144793604200935,0.0584477099101098,0.00668377750649001,0.939562411291759,TRUE,FALSE,FALSE,FALSE,FALSE,FALSE,FALSE
"DDX56",0.778790349628027,0.0227310024723768,0.148410782889477,0.107715768003407,0.168265052532654,0.09666084290288,0.112235114798171,0.389108461126853,0.455909417431894,0.226938375479721,0.0445417037479435,0.0448403490812889,0.11886010722234,0.705985490046131,-0.00458220489224699,0.116798823875401,0.968705738817941,14111,0.819289915668627,0.320634866565538,0.0534334916022961,0.241046175188679,0.127276592729077,0.438318958245783,343,11561,0,453,754,1000,"epithelial",0.101707476957745,0.202568378253348,0.0480558779529065,0.552636613825787,FALSE,FALSE,FALSE,FALSE,FALSE,FALSE,FALSE
"DENR",0.81600675716813,0.0439299193674998,-0.140795912475199,0.113537724202988,0.214945638073114,-0.0370554144012312,0.124409781300193,0.765817889985216,-0.0229549313401666,0.225730770279896,0.919001441181733,0.127697001387961,0.120296669201538,0.28845485277966,0.12990404038932,0.12413089582963,0.295326312208018,23246,0.779101780951562,0.267749271321646,0.0661619203303794,0.262093201434662,0.154736298718059,0.470157527243693,513,18111,0,1209,1538,1875,"epithelial",-0.0143037208146142,0.862468488960379,0.0466116566032495,0.59580130387034,FALSE,FALSE,FALSE,FALSE,FALSE,FALSE,FALSE
"DFFB",0.815210625540104,0.0471606839389895,-0.159552097515243,0.109940040503553,0.14670617284804,-0.0371705002151326,0.122069849669056,0.760745551318197,0.177510403949544,0.236374909690106,0.452670868489591,0.0509129902794621,0.115656866048212,0.659787013435353,0.164228469555867,0.126734486498499,0.195028295870977,1384,0.830924855491329,0.338694366259517,0.0491329479768786,0.230851445555146,0.119942196531792,0.430454188185336,25,1150,0,50,68,91,"epithelial",-0.0596495027819453,0.45411159958417,0.0597544405094097,0.496725206388857,FALSE,FALSE,FALSE,FALSE,FALSE,FALSE,FALSE
"DRG1",0.795270767913147,0.0317301239677222,-0.170534566384381,0.115477190198842,0.139734244508484,0.0288312600820191,0.121783059923156,0.812856345071658,0.536935121744042,0.21895533267114,0.0141962553639394,-0.0417799546406166,0.119488019985587,0.726595298578967,-0.0268853132375812,0.114011773318788,0.81357876742464,17576,0.789997724169322,0.279679246035027,0.0660559854346837,0.269562905673715,0.143946290395995,0.450757848291259,401,13885,0,812,1161,1317,"epithelial",-0.108354447076695,0.191926117539345,-0.000861331608956119,0.99174302175671,FALSE,FALSE,FALSE,FALSE,FALSE,FALSE,FALSE
"DUS1L",0.767332333817022,0.015540480401696,-0.0459592213455876,0.110847146525746,0.67842157474526,-0.00927571191720132,0.114999036084442,0.935713111523691,0.183575434886359,0.239326647120785,0.443051961528899,-0.288617647051548,0.114228018444593,0.0115146373156647,-0.298850788422224,0.113362288870377,0.00838291346267154,23098,0.899904753658325,0.4810621154979,0.0275348515022946,0.169668375907442,0.07256039483938,0.349269508594658,443,20786,0,526,636,707,"epithelial",-0.163644264968702,0.0396721463757498,-0.156138631599606,0.053107760066694,FALSE,FALSE,TRUE,TRUE,TRUE,FALSE,FALSE
"DUS3L",0.770763697897914,0.017219525346893,-0.00778323294019473,0.111694352590251,0.944445720879364,0.0379441648051235,0.115638170371514,0.742814601325739,0.256534729501472,0.235139704829282,0.275277913601818,-0.0366828069754323,0.125207903399696,0.76954112966093,-0.0877260309621826,0.123044360174647,0.47586888030163,5942,0.794513631773814,0.289121214458973,0.0513295186805789,0.215307595873872,0.154156849545608,0.495571189667155,161,4721,0,269,305,486,"epithelial",-0.0205898560802405,0.804884885657492,-0.020995205800164,0.80323990346635,FALSE,FALSE,FALSE,FALSE,FALSE,FALSE,FALSE
"ECE2",0.809988894081727,0.0480145170366484,0.0136264973687783,0.111721322350997,0.902923857133429,0.116684162268416,0.123675988521497,0.345442300256704,0.737982046568951,0.295494986101065,0.0125092380627515,0.0135978597740015,0.118941707480999,0.9089811711877,-0.00707595294698429,0.109486178146821,0.948469607103085,9668,0.913322300372362,0.513559267855219,0.0313405047579644,0.203135603738104,0.0553371948696731,0.283305128406677,135,8830,0,213,303,187,"epithelial",0.0136130741290855,0.867235290720682,0.047300089810275,0.5639508400897,FALSE,FALSE,FALSE,FALSE,FALSE,FALSE,FALSE
"EFTUD2",0.807844284380795,0.0439299193674998,-0.377218308329376,0.112900712302502,0.000834318860738126,-0.325667791265789,0.117628138114273,0.00562939928475008,-0.0422678613767721,0.227837043970781,0.852822802409948,0.026008224713143,0.121306762169863,0.830234788744032,0.0554632264950954,0.119222125845365,0.641781670797431,8628,0.75602688919796,0.243763783086398,0.059573481687529,0.221410633741452,0.184399629114511,0.534825583172149,223,6523,0,712,514,656,"epithelial",-0.190058814345047,0.0214650903036487,-0.137667154560629,0.100153411556836,TRUE,TRUE,FALSE,FALSE,TRUE,FALSE,FALSE
"EHD2",1.24422852254755,0.037040265628957,0.196337777814269,0.104487135724051,0.0602360651432039,0.177503601717289,0.111076152563371,0.110035143392417,0.225787467354113,0.23913500036097,0.345075574045281,0.219897608089891,0.0979560372431574,0.0247771094984417,0.20923498080759,0.0986285243016116,0.0338843793627911,3928,0.179989816700611,0.0187526853688836,0.806008146639511,0.967984753961535,0.0140020366598778,0.013262560669581,8,707,0,28,3166,19,"stromal",0.208876975603353,0.00346813298395068,0.195246186165554,0.00811184743432053,FALSE,FALSE,TRUE,TRUE,TRUE,TRUE,FALSE
"EIF3G",0.805392622344404,0.040671558349242,0.0373368138203833,0.114978660259386,0.745386786927651,-0.0157767325801624,0.122045479113478,0.897144569588353,-0.207970884257237,0.307404317572863,0.498698752228638,-0.081484502234412,0.126344494092255,0.518966662726792,-0.145267854092233,0.128646533687643,0.258812856579224,89583,0.726008282821518,0.164267398208804,0.0713193351417122,0.186007579859736,0.20267238203677,0.64972502193146,3459,65038,3,4670,6389,10024,"epithelial",-0.0164899861034259,0.846242276499032,-0.0771149820695811,0.383779530480897,FALSE,FALSE,FALSE,FALSE,FALSE,FALSE,FALSE
"EPHB2",0.770765467009287,0.0116518694532819,-0.250274055594167,0.101234442612164,0.0134275957045647,-0.183138655886159,0.11482211413684,0.110717330959455,0.310882882422401,0.283387235514989,0.272630463096976,-0.296874245348296,0.111133648116748,0.00755521469172391,-0.253584845721993,0.113961327970866,0.0260689343719204,19995,0.972993248312078,0.785464273612908,0.00570142535633908,0.0530534469274445,0.0213053263315829,0.161482279459647,33,19455,0,339,114,54,"epithelial",-0.271406665244213,0.000287246726085502,-0.218626797289526,0.00687335103396287,TRUE,FALSE,TRUE,TRUE,TRUE,TRUE,FALSE
"ERCC6L",0.808966252734268,0.0470381522304969,-0.174111728073028,0.110924122291932,0.116497231950936,-0.0349501180082879,0.129530807637499,0.787298049551518,0.457689992278623,0.296491528537754,0.12266428009052,0.0330724575165507,0.113740082717285,0.77122552518916,0.102335099572989,0.106695103619126,0.337490309069694,322,0.906832298136646,0.51092036140689,0.015527950310559,0.100844894702661,0.077639751552795,0.388234743890449,8,292,0,4,5,13,"epithelial",-0.0731160917282271,0.357197906405976,0.0468408349698246,0.569509826212899,FALSE,FALSE,FALSE,FALSE,FALSE,FALSE,FALSE
"ESPL1",0.799016837680368,0.0333167303977416,-0.166137892219939,0.107238086974645,0.121323234145096,-0.0780299427142728,0.120769799650156,0.518211511324525,-0.0369048765480423,0.264623116230606,0.889085059617923,-0.0187437917034842,0.113264087535831,0.868560280672027,-0.0341994476616326,0.107731897468235,0.750902477195173,724,0.86878453038674,0.399473440036629,0.0386740331491713,0.204978753887026,0.0925414364640884,0.395547806076345,6,629,0,48,28,13,"epithelial",-0.096465900130853,0.215428734572421,-0.0536219203413145,0.50477790986479,FALSE,FALSE,FALSE,FALSE,FALSE,FALSE,FALSE
"ETS2",0.78498912842027,0.015669556588123,-0.255481209136485,0.110676830841069,0.0209795034929748,-0.180872790344671,0.121939550729715,0.137995038702083,0.20463106095996,0.292351002770373,0.483958580436062,-0.124476313253797,0.109302502907382,0.25477657070874,-0.116697089684838,0.108578324717151,0.282476215193586,64449,0.817685301556269,0.308281660610104,0.0550357647131841,0.239177354095049,0.127278933730547,0.452540985294847,243,52699,0,7211,3547,749,"epithelial",-0.189160335856432,0.0150029326461175,-0.145077657142807,0.0736012996251072,TRUE,FALSE,FALSE,FALSE,TRUE,FALSE,FALSE
"EXOSC7",0.783407038526024,0.0235311345819111,-0.0882813794782512,0.112362561018937,0.432053092397532,-0.0419871378298705,0.119073218055953,0.724376240323391,-0.120561711072835,0.265545446869094,0.649817773033173,0.173263618777012,0.115692054120765,0.134230019598095,0.168271209168809,0.113591774578455,0.138508562332539,13965,0.834443250984604,0.342393178859944,0.0502685284640172,0.237759578968205,0.115288220551378,0.419847242171851,286,11653,0,516,702,808,"epithelial",0.038673495981414,0.631371046785262,0.0680928445002853,0.40740410468767,FALSE,FALSE,FALSE,FALSE,FALSE,FALSE,FALSE
"F2RL2",0.787930845736647,0.0217403845793597,-0.0983424347846789,0.104458058536059,0.346472361001518,-0.0160771558180091,0.117996869627308,0.891623097818275,-0.0173976411028692,0.227711421698414,0.939099162978551,-0.205376377783861,0.120902988689402,0.0893781076821506,-0.224289806994254,0.125604220664804,0.0741499733320257,330,0.0181818181818182,0.00162822402679753,0.924242424242424,0.954061347392518,0.0575757575757576,0.0443104285806841,1,6,0,5,305,13,"stromal",-0.144090349542052,0.0683121008845811,-0.113687601138636,0.186185561004081,FALSE,FALSE,FALSE,FALSE,FALSE,FALSE,FALSE
"FANCA",0.78694821899562,0.0333167303977416,-0.0324861311324421,0.11571957904162,0.778916345550008,0.0306720615095499,0.121784460358164,0.801152913268767,0.101542462786615,0.29482089059718,0.730529808270179,-0.112659715968757,0.123741271362894,0.36258747379271,-0.00285858249255135,0.128381708948344,0.982235550511397,4651,0.794022790797678,0.0820908111974868,0.0331111588905612,0.0394593124477489,0.172866050311761,0.878449876354764,186,3693,1,159,154,458,"epithelial",-0.0698902013777232,0.408288405827297,0.0147903772120986,0.867057353348556,FALSE,FALSE,FALSE,FALSE,FALSE,FALSE,FALSE
"FARSA",0.813694620202641,0.0433335991990584,-0.121384139822594,0.104720668014333,0.246406032686114,-0.0716445608039995,0.112470995030688,0.524121733766728,0.240816277066252,0.290284431147524,0.406772160425331,0.00102408809306613,0.113030948878935,0.992771069273305,0.0365823477136465,0.114392843198331,0.749123152163197,16314,0.841424543337011,0.355495551860364,0.040885129336766,0.199112224546686,0.117690327326223,0.445392223592951,378,13727,0,685,667,857,"epithelial",-0.0648448238115568,0.398598246387766,-0.0184478712525164,0.818073294723997,FALSE,FALSE,FALSE,FALSE,FALSE,FALSE,FALSE
"FARSB",0.790658731441135,0.0235311345819111,-0.0867729844026474,0.104335956837122,0.405595784179168,-0.0383529427777767,0.116436617433416,0.741861669393055,0.561385188708549,0.276914758012873,0.0426332548862748,-0.046325279780989,0.122684685372376,0.705730534817352,-0.0235047144855078,0.111800213007238,0.833481494604686,11654,0.883645100394714,0.438523281536381,0.034923631371203,0.199778031867442,0.0814312682340827,0.361698686596177,161,10298,0,363,407,425,"epithelial",-0.0697970623406915,0.379853172574567,-0.0306273260453239,0.704105419260817,FALSE,FALSE,FALSE,FALSE,FALSE,FALSE,FALSE
"FASN",0.800087952849621,0.0408452637200154,-0.207592295255223,0.110230206010431,0.0596649478582763,-0.216359076664935,0.121901356051528,0.0759193319836554,-0.0704702041601236,0.266449971898763,0.791411474693054,-0.0251848547872856,0.117413601435916,0.830159575776522,0.0605622501650805,0.118931374937014,0.610597934906609,20347,0.9420061925591,0.303843421250252,0.0194623285988106,0.072360978981683,0.0385314788420897,0.623795599768064,92,19167,1,261,396,430,"epithelial",-0.122138792246047,0.128556752518094,-0.0744839020788489,0.381592623909359,FALSE,FALSE,FALSE,FALSE,FALSE,FALSE,FALSE
"FBL",0.744842256907286,0.0098444892846272,-0.167116202304046,0.10485894668185,0.110997904005177,-0.130874845530647,0.117391406263252,0.264910922628214,-0.023224568316242,0.265797311353283,0.930371860827595,0.00249987710147601,0.118398691154271,0.983154668918302,-0.0038044373981022,0.111283952710697,0.972728227119283,98580,0.874650030432136,0.36503010883624,0.0325218096977074,0.15645254413603,0.0928281598701562,0.47851734702773,1769,86223,1,2319,3206,5062,"epithelial",-0.0925570511665986,0.238363761669475,-0.0639482685318263,0.428473415884658,FALSE,FALSE,FALSE,FALSE,FALSE,FALSE,FALSE
"FIGNL1",0.764236197980813,0.0116518694532819,-0.0979598449332207,0.0985650416349891,0.320291066792141,-0.0407211426425681,0.110858666875608,0.713376723705198,0.384663571761206,0.247175820821525,0.119652309726099,0.104564016372691,0.117498555811779,0.373510207810022,0.105503879000504,0.113815107372986,0.353938967848506,1300,0.779230769230769,0.276859893598165,0.0423076923076923,0.173271384283355,0.178461538461538,0.54986872211848,36,1013,0,47,55,149,"epithelial",-0.0143097107820831,0.849703043793694,0.0304675533745509,0.701232772263418,FALSE,FALSE,FALSE,FALSE,FALSE,FALSE,FALSE
"FKBP11",0.771967119942993,0.0160181996679998,-0.0380442716925998,0.106766309555733,0.721591813660048,-0.0816205219231972,0.110196608589796,0.45888695008176,-0.0188916956576485,0.158535406783515,0.905145514948254,0.00888039617703398,0.117287130481129,0.93964583456457,0.109092449459347,0.114381775121783,0.34020652387202,44953,0.405089760416435,0.0655975450349285,0.0740773696972393,0.138272376548107,0.520832869886326,0.796130078416964,18756,18210,0,354,3330,4303,"immune",-0.0167805198293969,0.831687672789583,0.0101831354196842,0.897897968631382,FALSE,FALSE,FALSE,FALSE,FALSE,FALSE,FALSE
"FTSJ3",0.762254877733147,0.0135899205784732,-0.18376827014504,0.112255493174661,0.101619250181072,-0.161679637901798,0.119537274830843,0.176200780649233,-0.0710527119943042,0.29000296859603,0.806451132342167,-0.102627444289626,0.123139497420978,0.404605498286516,-0.0669256297755921,0.117745236909953,0.5697677888899,6165,0.742741281427413,0.231024160427244,0.078507704785077,0.281478787764253,0.17875101378751,0.487497051808503,170,4579,0,299,484,633,"epithelial",-0.146941577842486,0.0765151965454027,-0.113587060281062,0.175709905274007,FALSE,FALSE,FALSE,FALSE,FALSE,FALSE,FALSE
"GALK1",0.737174523296358,0.0116518694532819,-0.150569688234234,0.111872109785263,0.178331840517144,-0.0128461943786298,0.121111737005972,0.91552764905866,-0.162367636547098,0.240600612050585,0.49977552377488,-0.250217137765175,0.123466456927953,0.0427033231770474,-0.159777781756953,0.130559875185164,0.221031711694595,12012,0.738261738261738,0.221267193641978,0.0834165834165834,0.288185826765089,0.178321678321678,0.490546979592933,365,8868,0,1162,1002,615,"epithelial",-0.19549600215876,0.01836622472098,-0.0808037141831012,0.362801480446961,FALSE,FALSE,TRUE,FALSE,TRUE,FALSE,FALSE
"GCSH",0.806562864600478,0.0439299193674998,-0.110072249601611,0.105899507093083,0.298617418616919,-0.0914832344670784,0.10993662672336,0.405327000368902,-0.445906130485906,0.279390590952101,0.110489794369136,0.140602979089047,0.118349829981012,0.234822154581048,0.153537032261337,0.125230875463856,0.220186718669064,35394,0.898965926428208,0.461974488986818,0.0517601853421484,0.306608463527198,0.0492738882296434,0.231417047485983,515,31818,0,652,1832,577,"epithelial",0.00139064480077397,0.985940926022941,0.0151589854539925,0.854419287458016,FALSE,FALSE,FALSE,FALSE,FALSE,FALSE,FALSE
"GEMIN5",0.810957928320781,0.0423031131587421,-0.303895222018828,0.101970856140684,0.00288044779576018,-0.269005335103922,0.10657044601331,0.0115961267783598,-0.174882521978536,0.238214060762933,0.46286328547352,0.0714187731494255,0.115109158778726,0.53496559049911,0.0884559196895568,0.117830918890531,0.452831951596416,1888,0.83103813559322,0.334820900433131,0.0598516949152542,0.277959558476308,0.109110169491525,0.387219541090562,36,1569,0,57,113,113,"epithelial",-0.138870397569853,0.0688540363932825,-0.108167079532525,0.171144929100808,TRUE,TRUE,FALSE,FALSE,FALSE,FALSE,FALSE
"GGCT",0.758880669809182,0.0124688834356822,0.122526784805964,0.106442375710539,0.24968736439546,0.198432663042197,0.106760469792171,0.0630736882937756,0.501672816514429,0.213991243115194,0.0190596915130757,0.105781484673285,0.119872456464986,0.37753334721597,0.0625031927713331,0.111839766589646,0.576254702071937,67634,0.91865038294349,0.340860452052259,0.0330898660437058,0.141525571561424,0.0482597510128042,0.517613976386316,348,62132,2,1642,2238,1272,"epithelial",0.115144355092702,0.147988830423214,0.133624619687512,0.0835687358211562,FALSE,FALSE,FALSE,FALSE,FALSE,FALSE,FALSE
"GGCX",0.809742400034585,0.0470381522304969,0.0870362889068821,0.112564961068361,0.439398448712331,0.222512169871534,0.121765586689116,0.0676424419902176,0.227207591141129,0.219246887430761,0.300057863085213,-0.0479395714388042,0.121029180113542,0.692031787384374,-0.0533789318687167,0.111523958401083,0.632200470786047,8807,0.691836039514023,0.18827410274456,0.0792551379584421,0.248615604734419,0.228908822527535,0.563110292521021,575,6093,0,635,698,806,"epithelial",0.0244327586732444,0.766907502545895,0.072478040919353,0.378168295617409,FALSE,FALSE,FALSE,FALSE,FALSE,FALSE,FALSE
"GINS1",0.79091252095445,0.0299068149187551,-0.171594197451511,0.108966089594498,0.115314484078293,-0.0399472662164115,0.125936686386907,0.751090950457881,0.0236719635482919,0.220828634001872,0.914633426542489,0.0385631300899524,0.116748663428338,0.741166520247907,0.103953354793215,0.114579564478162,0.364269786892354,1917,0.918101199791341,0.526108336036054,0.0307772561293688,0.203295647301819,0.0511215440792906,0.270596016662128,16,1760,0,58,59,24,"epithelial",-0.0737530880099494,0.354524775493425,0.0387828813848621,0.647234020898546,FALSE,FALSE,FALSE,FALSE,FALSE,FALSE,FALSE
"GINS2",0.757050996753765,0.0116518694532819,-0.0684891497132295,0.112236576719,0.541715222078805,0.0389173345469305,0.12108868292325,0.747910838325816,0.279650423698521,0.279121047395195,0.316393542991446,0.0132026993372196,0.112495024125207,0.906572784754215,0.0742544981502548,0.10709360080561,0.48808319467907,10615,0.922185586434291,0.554531459454589,0.0203485633537447,0.141044178380602,0.0574658502119642,0.304424362164809,106,9789,0,170,216,334,"epithelial",-0.0277371728949263,0.727017824402269,0.0587451248649431,0.463987577516196,FALSE,FALSE,FALSE,FALSE,FALSE,FALSE,FALSE
"GINS3",0.786349306534094,0.0240057793185732,-0.161054771399248,0.112228435892403,0.151269411190448,0.00242052052553767,0.124560465800732,0.984496088698895,0.180917798099695,0.280828122115647,0.519426537721334,-0.162394667283126,0.109149339751652,0.136798136283541,-0.0689790364480448,0.112281979333902,0.538992291914498,985,0.807106598984772,0.294711461178071,0.0822335025380711,0.346121413903576,0.110659898477157,0.359167124918353,22,795,0,33,81,54,"epithelial",-0.161743352061925,0.0387238555782754,-0.0369708623764354,0.657549542396423,FALSE,FALSE,FALSE,FALSE,TRUE,FALSE,FALSE
"GPR157",0.783465729238427,0.0249615763885164,-0.157337729699385,0.0981814661514485,0.109040743744026,-0.143871070601938,0.110101491303907,0.191310138329853,-0.086685524090521,0.197623716622651,0.660922932949145,-0.192061166713213,0.122213251124628,0.116060776318599,-0.231541809974487,0.124345549322315,0.0625913052018717,4464,0.782930107526882,0.270638522172426,0.0237455197132616,0.0946154047909701,0.193324372759857,0.634746073036604,99,3495,0,717,106,47,"epithelial",-0.170957701423322,0.0255133934770533,-0.182399508647671,0.0269156936382634,FALSE,FALSE,FALSE,FALSE,TRUE,TRUE,FALSE
"GZMB",0.749862467564482,0.0121835710103589,-0.0958224712035555,0.108758477671843,0.378286704996699,-0.0976797998501321,0.118752868038349,0.410765722962069,-0.182569586093505,0.218386174794358,0.403158138651687,-0.0772925728704674,0.123735812899192,0.53219550462733,-0.105310934073536,0.119450281601501,0.377977006526599,60312,0.0867157447937392,0.0110325622265318,0.00986536675951718,0.0144678905871558,0.903418888446744,0.974499547186312,1055,5230,0,11947,595,41485,"immune",-0.0877462889719367,0.282753382206157,-0.101473024642276,0.228239038526439,FALSE,FALSE,FALSE,FALSE,FALSE,FALSE,FALSE
"HSD17B10",0.789214844717543,0.0357549334216855,-0.0233402054063365,0.110181484606698,0.832236394985969,0.0565404692190226,0.12093606400371,0.640125280584611,0.460912683190274,0.271073873622055,0.089070504698265,-0.121558148982452,0.114727852598154,0.289356302643369,-0.0892582637531932,0.112971712165878,0.429472916035607,57521,0.819752785939048,0.31959001691599,0.0522939448201526,0.235004003522186,0.127953269240799,0.445405979561824,1476,47153,0,2447,3008,3437,"epithelial",-0.0704645884969471,0.37524271843945,-0.0213174658351476,0.796236470802042,FALSE,FALSE,FALSE,FALSE,FALSE,FALSE,FALSE
"IFRD2",0.763332879357245,0.0117763118445521,-0.210115136403285,0.104757361893434,0.0448849067911875,-0.0796612688764112,0.120248540287825,0.507668891463759,0.28051532835437,0.290659417852874,0.334494857591774,-0.129575497579785,0.118150702403925,0.272773954533032,-0.157423163816314,0.113225215923438,0.164421321931601,22735,0.878117440070376,0.419435624057598,0.0478557290521223,0.263487611830045,0.0740268308775016,0.317076764112357,398,19964,0,537,1088,748,"epithelial",-0.174667101075135,0.025857132121112,-0.120879323731245,0.142542947135718,TRUE,FALSE,FALSE,FALSE,TRUE,FALSE,FALSE
"IL17RB",0.765355777140093,0.0116518694532819,-0.0827370059582246,0.0998467146627962,0.407308008687607,-0.0787091624088547,0.110844276076845,0.477649723363235,-0.308963464716922,0.233191803673728,0.185193447404271,-0.0919706438392718,0.116172000011302,0.428549320804505,-0.139306949514878,0.114748614973015,0.224740632825307,4399,0.961354853375767,0.110667148641132,0.00431916344623778,0.00573123464505229,0.034325983177995,0.883601616713816,21,4229,1,35,19,94,"epithelial",-0.0866599696299999,0.252437587937531,-0.107959603372696,0.175679349587173,FALSE,FALSE,FALSE,FALSE,FALSE,FALSE,FALSE
"INHBB",1.39059585780905,0.000896032347508229,0.26728897993565,0.0984400135985538,0.00662262988759221,0.0708158485963839,0.106551390280012,0.506295593753175,-0.117470442823644,0.182274986128311,0.519271834404942,0.0538527824249698,0.115998549618633,0.642465827522046,0.0477316899107151,0.11620093028216,0.681242241996457,1566,0.707535121328225,0.175244902844107,0.274584929757344,0.783948698443221,0.0178799489144317,0.0408063987126722,10,1108,0,10,430,8,"epithelial",0.177930950292348,0.0177571662432975,0.0602718925611978,0.44280312324319,TRUE,FALSE,FALSE,FALSE,TRUE,FALSE,FALSE
"ISM1",1.23156696172432,0.0471606839389895,0.28830115456181,0.111097915102958,0.00945858040463845,0.27946107439579,0.121057294892207,0.0209712009675562,0.297817853963881,0.255330710861807,0.243452579983272,0.213015759933484,0.0952750833644481,0.0253650616652172,0.142934860759168,0.0968408560268607,0.139950109438698,146,0.0410958904109589,0.00378770093592532,0.883561643835616,0.938701894619192,0.0753424657534247,0.0575104044448827,1,6,0,0,129,10,"stromal",0.244919981324996,0.000707932555210156,0.196210042102903,0.00946921618124047,TRUE,TRUE,TRUE,FALSE,TRUE,TRUE,FALSE
"KCNE3",0.810058898329282,0.0238366888277977,-0.102723018776172,0.101209048083124,0.310125444713997,-0.150784602875096,0.107755815791884,0.161717782680234,-0.00762728555838302,0.240768737796265,0.974728132431365,-0.118055930169214,0.106942964864604,0.269630063686594,-0.114645575050734,0.11260688474334,0.30862830141075,5149,0.897844241600311,0.468808823937697,0.0242765585550592,0.146115217950349,0.07787919984463,0.385075958111954,15,4623,0,360,125,26,"epithelial",-0.109967422467529,0.134661533659218,-0.133510268895396,0.0863646465830217,FALSE,FALSE,FALSE,FALSE,FALSE,FALSE,FALSE
"KDM2B",0.772929254406707,0.0159447672318366,-0.154254834418522,0.112109745657495,0.168844211870867,0.0117840794446126,0.118748868255659,0.920951448637591,0.0650119631435495,0.212913870485572,0.76010420261153,0.0864809865105611,0.120830983993566,0.4741651039469,0.069210924317166,0.12259332836067,0.572375105162591,5304,0.542043740573152,0.116029826102531,0.0524132730015083,0.129327279364494,0.405542986425339,0.754642894532975,313,2875,0,491,278,1347,"epithelial",-0.0428873921556264,0.601777388379725,0.0395829531202314,0.642596262727023,FALSE,FALSE,FALSE,FALSE,FALSE,FALSE,FALSE
"KHK",0.771926089832918,0.0227906613872393,-0.00472960399681291,0.114966561196443,0.967185120600138,0.0721525311211453,0.127765791012662,0.572260854811647,0.854298216189912,0.325509149516115,0.0086776720595011,-0.00545238862414961,0.118008472386562,0.963148159774036,-0.00695696795920658,0.118338235509446,0.953120295013842,6315,0.903562945368171,0.493745596718159,0.0156769596199525,0.0987461600277979,0.0807600950118765,0.407508243254043,193,5706,0,177,99,140,"epithelial",-0.00508156065615383,0.95079510711494,0.0295717589013133,0.733395887172066,FALSE,FALSE,FALSE,FALSE,FALSE,FALSE,FALSE
"KIF15",0.783340364184001,0.015540480401696,-0.247651638589805,0.104035209555236,0.0172910455458481,-0.153851121610019,0.11866062394318,0.194781163522286,-0.365141230388994,0.248304388274548,0.141415892649823,-0.0537973526758583,0.112553067307153,0.632669261470807,-0.0320447838915276,0.103805153891095,0.75754876994823,1149,0.902523933855527,0.490948166737018,0.0322019147084421,0.201916664569611,0.0652741514360313,0.307135168693371,9,1037,0,17,37,49,"epithelial",-0.158336511122274,0.0382168848093882,-0.0848502688916848,0.277465500627315,TRUE,FALSE,FALSE,FALSE,TRUE,FALSE,FALSE
"KIF20A",0.802986745914955,0.033384022793291,-0.199016917405701,0.101410330398656,0.049705282390933,-0.0473476185324752,0.113561696595927,0.676727417111519,-0.234086053924778,0.213840948143151,0.273659631031982,0.162849516332754,0.116970012076749,0.163851838547687,0.205354865047679,0.114016989154845,0.0716886872824486,823,0.857837181044957,0.367092650293355,0.0789793438639125,0.389581116809094,0.06318347509113,0.243326232897551,5,706,0,26,65,21,"epithelial",-0.0437365904007469,0.568133123690791,0.0784980702022762,0.329259156119546,TRUE,FALSE,FALSE,FALSE,FALSE,FALSE,FALSE
"KIF9",0.778619854287656,0.0235311345819111,-0.200829376967141,0.113592040989336,0.077062892726275,-0.143720576439861,0.129445985124863,0.266880757880663,0.0934431010098088,0.290123475261141,0.747391744406123,-0.145685174710381,0.115685488267198,0.207914380049821,-0.103281143594942,0.11280829358639,0.359905243604341,19611,0.937025138952629,0.591322418968707,0.0325327622252817,0.236650591667382,0.0304420988220896,0.172026989363911,136,18376,0,191,638,270,"epithelial",-0.173760734930972,0.0320468621351996,-0.120736573702713,0.155703673127085,FALSE,FALSE,FALSE,FALSE,TRUE,FALSE,FALSE
"KLK6",1.22762193470283,0.0408452637200154,0.0302757907719683,0.103023992850666,0.768856278760559,-0.078787017585851,0.109086111198691,0.470143189376807,-0.104892530000706,0.206727467581304,0.611877535178846,0.221429881063142,0.109979203503475,0.0440747135767863,0.238746794802787,0.108587338027871,0.0279020035276727,8731,0.987973886152789,0.894747562202793,0.00309242927499714,0.0322825912587745,0.00893368457221395,0.072969846538433,12,8626,0,35,27,31,"epithelial",0.119617713932653,0.111626974207112,0.0807074762654151,0.294310151151662,FALSE,FALSE,TRUE,TRUE,FALSE,FALSE,FALSE
"KRT17",1.22555662543708,0.0379924708928987,-0.0115290565515223,0.108204822049005,0.915147213095968,-0.0390519417244055,0.118717773357606,0.74219519878728,0.138849111348018,0.235107443772076,0.554803701093093,0.310587605017023,0.0956406804115805,0.00116447213261911,0.30125708775627,0.0925424702757283,0.00113257197434152,54532,0.978691410547935,0.821299289862346,0.00768356194527984,0.0743244699559907,0.013625027506785,0.104376240181664,186,53370,0,310,419,247,"epithelial",0.169307992433467,0.0181452492260512,0.172629619573927,0.018019918712332,FALSE,FALSE,TRUE,TRUE,TRUE,TRUE,FALSE
"LAMC2",1.24756375452723,0.0410800137970774,-0.0319504100044657,0.118348750740313,0.787184648081715,-0.14736472916792,0.120613059682626,0.221784231833129,-0.345742183480924,0.244095891227106,0.15665271402454,0.241156502545871,0.112647066882933,0.0322889798542943,0.172190372956471,0.109597872018852,0.116156972532939,25830,0.976422764227642,0.804788680802795,0.00936895083236547,0.0890119830539232,0.0142082849399923,0.106199336143282,103,25221,0,125,242,139,"epithelial",0.111340056306043,0.172394733362097,0.0276680446409666,0.733023679468827,FALSE,FALSE,TRUE,FALSE,FALSE,FALSE,FALSE
"LAMP3",0.784969511844034,0.0349479865777525,-0.011755241308107,0.0999893513317963,0.906412392264357,-0.0308984570605479,0.103516889922599,0.765331414558818,-0.198223979859613,0.224683069332534,0.377648024732713,-0.112014496144332,0.119370086803571,0.348049185762995,-0.104218365794525,0.119300513674637,0.38234782984307,1390,0.369784172661871,0.0573077160212011,0.107194244604317,0.191491633033318,0.523021582733813,0.75120065094548,38,514,0,537,149,152,"immune",-0.0530954234400424,0.488505413130543,-0.0623906106478815,0.424887754670364,FALSE,FALSE,FALSE,FALSE,FALSE,FALSE,FALSE
"LARS2",0.760906409863893,0.0117763118445521,-0.479989978510302,0.0990016003964923,1.24520695843548e-06,-0.399878973583131,0.110189562889889,0.000284510741247814,-0.628481154336084,0.278593009160315,0.0240761784094879,-0.139704888103909,0.113495071675575,0.21834772942903,-0.0826684170279724,0.106966126416686,0.439613116082806,1600,0.855625,0.375300865592657,0.05125,0.25912154445987,0.093125,0.365577589947473,27,1369,0,55,82,67,"epithelial",-0.332949325087934,8.09092941176165e-06,-0.236566092065342,0.00205432613453742,TRUE,TRUE,FALSE,FALSE,TRUE,TRUE,TRUE
"LEMD1",1.2270876560947,0.0448854516972859,0.157629487104152,0.105082727735665,0.133601102818969,0.0782739646622271,0.11243676450637,0.486328708861416,0.0612001717790679,0.203322100223895,0.763413670883857,0.293595962813968,0.111186085999629,0.00827637934974875,0.260381586736971,0.114935828014106,0.0234849642487495,4248,0.974340866290019,0.793056872383064,0.0101224105461394,0.0949709790980532,0.0155367231638418,0.111972148518883,11,4139,0,21,43,34,"epithelial",0.221778645962013,0.00368482374654668,0.167326463505119,0.0373558335868484,FALSE,FALSE,TRUE,TRUE,TRUE,TRUE,FALSE
"LGR5",0.774317420597836,0.0135899205784732,-0.0631254271317101,0.107275819519681,0.556236721152204,-0.0424695184857907,0.115945691574631,0.714150163591293,-0.0679030434849948,0.251912749712926,0.787506587694574,0.0953114930973196,0.120921894093806,0.430575588273098,0.0402361090206045,0.116949349661665,0.730810708020034,4138,0.97631706138231,0.810645882409695,0.0055582406959884,0.0531974977954585,0.0181246979217013,0.136156619794846,17,4040,0,29,23,29,"epithelial",0.0066523678553731,0.933933124344406,-0.00147311691671307,0.985725826858659,FALSE,FALSE,FALSE,FALSE,FALSE,FALSE,FALSE
"LIG1",0.782355956512681,0.017763852139371,-0.156235555959761,0.110770449113108,0.158408512708269,-0.115474786621064,0.123558203987144,0.350005790042585,0.0520519831592637,0.260282198337898,0.841493971880074,0.00194261106346277,0.115616221677948,0.986594385931877,0.132447574068033,0.116506701628654,0.255612013597655,4733,0.784280583139658,0.276741560033457,0.0515529262624128,0.20968617464511,0.164166490597929,0.513572265321433,176,3712,0,201,244,400,"epithelial",-0.0805307017268485,0.314018738567329,0.0157624179003658,0.852482255329264,FALSE,FALSE,FALSE,FALSE,FALSE,FALSE,FALSE
"LIPG",0.736857955880433,0.0116518694532819,-0.064057747906295,0.104185803188486,0.538659447734703,0.0450951413304121,0.0984901770489559,0.647049897485076,0.251255134641316,0.18079871451067,0.164621404426541,0.121229483883566,0.114952380271798,0.291605503077589,0.270634106130251,0.12814567461141,0.0346928477056982,7776,0.961291152263374,0.695548203144876,0.0288065843621399,0.240257861738681,0.0099022633744856,0.0641939351164426,21,7475,0,21,224,35,"epithelial",0.0195043591534843,0.800533082410458,0.128849451077788,0.0989414703375647,FALSE,FALSE,FALSE,FALSE,FALSE,FALSE,FALSE
"LMNB1",0.792691904988868,0.0264187657711177,-0.131622259939363,0.107982733653409,0.222874746876269,0.00978327885970192,0.116940912263701,0.933326746435135,0.126693712171456,0.239541212429725,0.596873765141087,0.0931848532636593,0.114330372655153,0.415044275877251,0.1110776674882,0.114391825806353,0.331534328334987,7363,0.656390058400109,0.178326146369996,0.0313730816243379,0.0982480100005272,0.312236859975553,0.723425843629476,125,4833,0,494,231,1680,"epithelial",-0.0256323242188984,0.744037050595837,0.0615465141124049,0.451662981930385,FALSE,FALSE,FALSE,FALSE,FALSE,FALSE,FALSE
"LMNB2",0.781624611760597,0.0159196250848013,-0.154832075931167,0.107920915125021,0.151378048623324,-0.103501126477496,0.115873155504351,0.371735180964135,0.173228677493812,0.262942953614326,0.510019665143327,0.0289120898940015,0.116035831291077,0.8032330051293,-0.00333274800250215,0.109596343739657,0.975740628637609,11215,0.867053053945609,0.401129191212156,0.0423539901917075,0.225863721990094,0.0905929558626839,0.373007086797749,171,9724,0,354,475,491,"epithelial",-0.0696091046525074,0.378398558003221,-0.0506305241646043,0.524855226361061,FALSE,FALSE,FALSE,FALSE,FALSE,FALSE,FALSE
"LSM7",0.773914164746154,0.0154730597979018,0.0500605092151696,0.111281244016341,0.652814444787408,0.17303633157014,0.123116803144613,0.159883113089832,0.609525332586174,0.348398052820062,0.0802031718205846,-0.037291309010537,0.116058588082604,0.747972057317571,-0.0597908577622708,0.11180461422433,0.592802080015252,134032,0.851602602363615,0.307954738548548,0.0396621702280053,0.165325535676668,0.10873522740838,0.526719725774784,3423,114142,2,4415,5316,6734,"epithelial",0.00821941051375487,0.918495707024306,0.0454373273248823,0.583028082130868,FALSE,FALSE,FALSE,FALSE,FALSE,FALSE,FALSE
"LYPD6",0.770369714454554,0.0140822055887376,-0.198248740519695,0.0822631950378792,0.015955475772564,-0.0561704370996011,0.0856860884578108,0.512121804005584,0.0824036628306004,0.145149126397746,0.57022697674006,-0.0654009642811204,0.122238465704081,0.592630708056937,5.62779612178556e-05,0.121169041731079,0.999629415945581,628,0.957006369426752,0.68249977304073,0.0222929936305732,0.183260821152177,0.0207006369426752,0.134239405807094,6,601,0,2,14,5,"epithelial",-0.156837704172451,0.0215582787987963,-0.0374262628831473,0.592676086292294,TRUE,FALSE,FALSE,FALSE,TRUE,FALSE,FALSE
"MARS2",0.800438762733665,0.037040265628957,-0.306608279861322,0.102323633892854,0.00273137537259878,-0.209267048017468,0.118956171779279,0.0785444711648319,0.408216027203572,0.290334221849059,0.159717874435427,-0.00170246941802741,0.1085293271734,0.987484319755825,-0.00766124069855283,0.108425943428058,0.943669358309438,1476,0.856368563685637,0.391175268721593,0.0284552845528455,0.149825991112644,0.115176151761518,0.458998740165763,35,1264,0,31,42,104,"epithelial",-0.163121406487454,0.0284524374049829,-0.0991476162503947,0.215982502354803,TRUE,FALSE,FALSE,FALSE,TRUE,FALSE,FALSE
"MCAM",0.768917636720456,0.0195444418252897,0.106213858787725,0.105671067264744,0.314831071582697,0.136309884620047,0.112000095530509,0.223584620826739,0.0155727505777467,0.238055769469694,0.947842469612644,0.20728708990554,0.101604614786693,0.0413369216246102,0.179599290227077,0.0978453684769705,0.0664254115415583,4775,0.0215706806282723,0.00196287653100376,0.881047120418848,0.924148627793808,0.0973821989528796,0.0738884956751882,40,103,0,21,4207,404,"stromal",0.158732623700579,0.030214057971881,0.160861366412019,0.0290322189840998,FALSE,FALSE,FALSE,FALSE,FALSE,FALSE,FALSE
"MCM5",0.784168583354855,0.0245996919505859,-0.151613660479039,0.109502824648001,0.166185849318855,-0.0150457826548889,0.113838145352026,0.894851253899614,0.282839527194223,0.26446700089657,0.284857933511396,-0.0312614069005883,0.117400094353759,0.790022854838182,0.0315687488755401,0.116276132708323,0.786007962350554,7962,0.687766892740517,0.190958418368909,0.0487314745038935,0.155962665270683,0.263501632755589,0.653078916360407,389,5476,0,730,388,979,"epithelial",-0.0956212800238546,0.232430189380903,0.00776767245038565,0.923924312301733,FALSE,FALSE,FALSE,FALSE,FALSE,FALSE,FALSE
"MCM6",0.772947157003114,0.0140822055887376,-0.130917082403066,0.106703360744816,0.219850564504486,0.0423364937202501,0.112734797442232,0.707258456061487,0.268457414824311,0.237518514131667,0.258367146905235,-0.00875646381742823,0.117111654366294,0.940397538806726,0.035539187812853,0.11571880875355,0.758754486688349,5847,0.685308705318967,0.194156004565802,0.056097143834445,0.18319722076674,0.258594150846588,0.622646774667457,104,4007,0,269,328,1139,"epithelial",-0.0755054713516089,0.338420892624687,0.0390266105527488,0.628881032922519,FALSE,FALSE,FALSE,FALSE,FALSE,FALSE,FALSE
"MCM7",0.777119788828076,0.0140822055887376,-0.0842091008756,0.111485731220224,0.45004786291511,-0.0431868838512201,0.123545504967784,0.726667007831671,0.380492237981865,0.256643457899847,0.138188333623252,0.0615045695281575,0.115425931753546,0.594138247995485,0.0476643554839005,0.11123824795644,0.668295206806022,20799,0.886292610221645,0.249303650703075,0.0389922592432328,0.126428056685758,0.0747151305351219,0.624268292611166,286,18434,1,426,811,841,"epithelial",-0.0138817434834271,0.862562937922561,0.00698806600547099,0.93263289385328,FALSE,FALSE,FALSE,FALSE,FALSE,FALSE,FALSE
"MRPL4",0.742172519512691,0.0116518694532819,-0.173147108226845,0.112122134587015,0.122522376733628,-0.109889661367789,0.127858284338587,0.390084276272305,0.302868203668166,0.319995416359422,0.343905504127899,-0.0563035350329643,0.113171157207693,0.618830993965302,-0.0543381750247286,0.107589316498084,0.613522473160843,44044,0.877418036508946,0.425460561974678,0.0352828989192626,0.197210741255531,0.0872990645717918,0.37732869676979,704,38645,0,1313,1554,1828,"epithelial",-0.115269363101384,0.147844465483341,-0.0773668401239243,0.347315711463899,FALSE,FALSE,FALSE,FALSE,FALSE,FALSE,FALSE
"MRPS17",0.802199548253935,0.0433405920975502,0.124102150007583,0.111104322256583,0.263999628098707,0.133629288977001,0.115168229135253,0.245928123870804,0.475424518396316,0.240713597744396,0.0482610000293103,0.0134773718920741,0.11403868851835,0.905923093366523,-0.0438234438755292,0.113866488221844,0.700336020424148,9918,0.871546682798951,0.414113269084449,0.0374067352288768,0.204876360759008,0.0910465819721718,0.381010370156543,173,8644,0,232,371,498,"epithelial",0.0702313268389204,0.377491821123471,0.0438943854019439,0.587754533302772,FALSE,FALSE,FALSE,FALSE,FALSE,FALSE,FALSE
"MRPS23",0.785964921510552,0.0264187657711177,-0.195434844048015,0.116155229617334,0.0924658031131051,-0.122991956206471,0.134315333108221,0.359826586466853,-0.00157353304494507,0.307122314277051,0.995912077464468,-0.0361067010147032,0.122189113157251,0.767613089532765,-0.118325824143326,0.115324372568232,0.304879249308399,24304,0.857513166556945,0.380110783013219,0.0482225148123766,0.246395516627126,0.0942643186306781,0.373493700359655,380,20841,0,867,1172,1044,"epithelial",-0.119801712437081,0.15472113005013,-0.120305963728994,0.169141775766196,FALSE,FALSE,FALSE,FALSE,FALSE,FALSE,FALSE
"MRPS27",0.806289303581225,0.0423031131587421,-0.194184914884818,0.100744078575855,0.0539164787357071,-0.0395634645488116,0.110496631110039,0.720304908663871,0.114583173087644,0.234439168373647,0.625015591024895,0.0168404099082247,0.119928789614197,0.888328095619563,0.179104174446653,0.125559748233079,0.153739703820182,8775,0.813219373219373,0.309075575893252,0.0654131054131054,0.286573014031536,0.121367521367521,0.404351410075212,193,7136,0,255,574,617,"epithelial",-0.106880611216035,0.165881686107808,0.0558734268808977,0.500578564946065,FALSE,FALSE,FALSE,FALSE,FALSE,FALSE,FALSE
"MRTO4",0.802694738351071,0.037040265628957,-0.0397939904926857,0.10886201973447,0.71470446117453,-0.0125789724873411,0.118133055592461,0.915200416574062,-0.0242549089347555,0.259223708520618,0.925452744146131,-0.163238104527015,0.113653360862563,0.150922544111045,-0.0991896064616262,0.110690840924186,0.370201557526682,14812,0.833648393194707,0.338713123404051,0.0561031596003241,0.262754389453506,0.110248447204969,0.398532487142443,302,12348,0,535,831,796,"epithelial",-0.0988592030620096,0.208576687341067,-0.0586982168331878,0.467407109725555,FALSE,FALSE,FALSE,FALSE,FALSE,FALSE,FALSE
"MSLN",1.29430870641153,0.0124384533392936,0.170142454346501,0.105481675754382,0.106743454574878,0.0404790444461142,0.11296942909032,0.720104921565799,-0.162461500676672,0.225013461306633,0.470289609547432,0.207595771287442,0.111521876859422,0.0626763870530742,0.224889015808898,0.115503611388635,0.0515311180709848,8978,0.966250835375362,0.737941443096583,0.012920472265538,0.113742811824123,0.0208286923591,0.148315745079294,59,8675,0,90,116,38,"epithelial",0.187827422816758,0.0142463043577236,0.130638839165703,0.105755773639212,FALSE,FALSE,FALSE,FALSE,TRUE,FALSE,FALSE
"MYBL2",0.789681346507242,0.0349441682706796,0.00900412973735759,0.113310279670376,0.936663272348324,0.116755237798027,0.123908504901357,0.346054543663873,0.365295269523807,0.290822575055229,0.209088400796864,-0.0171437721203984,0.114370743199635,0.880846286826098,-0.0276223137606534,0.112277556950802,0.805668203832417,7912,0.877022244691608,0.421074569590645,0.0212335692618807,0.117512742222681,0.101744186046512,0.461412688186674,235,6939,0,478,168,92,"epithelial",-0.00394803548271528,0.960881760239949,0.0374738107561191,0.652421573893269,FALSE,FALSE,FALSE,FALSE,FALSE,FALSE,FALSE
"MYC",0.798660724213728,0.0276463631513026,-0.195048111462187,0.115729570845991,0.0919156007753753,-0.134743666041381,0.125879376129779,0.28443078606197,0.501895663719196,0.305088685249192,0.0999530647820152,-0.136524338464649,0.110815085366459,0.217948567380128,-0.122221431379007,0.109412633162155,0.263964938581363,79851,0.911910934114789,0.350589119695513,0.0329739139146661,0.146126863931406,0.0551151519705451,0.503284016373081,1337,72817,2,1182,2633,1880,"epithelial",-0.164517252431051,0.0398345134467425,-0.127610460388685,0.122269803577558,FALSE,FALSE,FALSE,FALSE,TRUE,FALSE,FALSE
"NARF",0.775910291743896,0.0220448654468293,0.0963898078458165,0.107785315830696,0.371174303460616,0.170021401565339,0.107946811891916,0.115245383876804,0.279283091317489,0.20645763988755,0.176139351518252,0.0159274188487092,0.121193898005334,0.895442305994343,-0.078056980174283,0.131576465014753,0.553017708517921,20613,0.705089021491292,0.204042467956872,0.0636976665211274,0.212477863738739,0.231213311987581,0.583479668304389,932,14534,0,911,1313,2923,"epithelial",0.0608542345146553,0.449906900227228,0.0702199581941546,0.400117490958646,FALSE,FALSE,FALSE,FALSE,FALSE,FALSE,FALSE
"NASP",0.787636616406508,0.0312496445647063,-0.0333737731515878,0.104478723325639,0.749399488243538,0.0431320197468688,0.114100687475703,0.705417833900311,0.0899988670247452,0.276050761583856,0.744407036918269,0.0821585891271665,0.108850381685349,0.450378250279356,0.154997807079046,0.113192906022413,0.170897897024583,28658,0.655349291646312,0.106305552724501,0.0911089399120664,0.170356089471056,0.253541768441622,0.723338357804443,1052,18781,2,1468,2611,4744,"epithelial",0.0220258485551562,0.770122956417225,0.0995116838900329,0.21558752007055,FALSE,FALSE,FALSE,FALSE,FALSE,FALSE,FALSE
"NCAPD2",0.788809042397183,0.0188334865018576,-0.0798807147157767,0.116593156147802,0.493265973278585,0.00434770032299278,0.124423659463806,0.972125420704774,0.134709553652896,0.262799248403653,0.608234723581287,-0.0794844628134357,0.121596139739848,0.513320650466257,0.0133077737249786,0.117563714637258,0.909874954519774,3910,0.878772378516624,0.0849359772486676,0.0352941176470588,0.0393215992301635,0.0859335038363171,0.875742423521169,62,3436,1,99,138,174,"epithelial",-0.079690908061805,0.343673254784274,0.00908153643603811,0.91536337215188,FALSE,FALSE,FALSE,FALSE,FALSE,FALSE,FALSE
"NCAPH",0.792136723355957,0.0235311345819111,-0.121699545685684,0.113011386308804,0.281534495951864,0.0268478695076149,0.125965979649402,0.83122098192239,0.277691221581311,0.291389329625788,0.340594955993381,0.0523867408943716,0.115870625583312,0.651186803317198,0.135278912415157,0.113989239099213,0.235318690515508,2031,0.747415066469719,0.0394754328108835,0.0241260462826194,0.0146880709618445,0.228458887247661,0.945836496227272,34,1518,1,62,49,367,"epithelial",-0.0368307833297286,0.64893241234457,0.0864619951478612,0.306321218787891,FALSE,FALSE,FALSE,FALSE,FALSE,FALSE,FALSE
"NDUFAF2",0.768307441743307,0.0148977527945607,-0.0199773095349664,0.110747934732063,0.856850022314593,0.110789062634762,0.116282651872179,0.340713414534699,0.154294758447479,0.26111340246171,0.554580115080344,0.0355130438260668,0.118143851111866,0.763725972548748,0.0215712868388508,0.120659230589108,0.858111558930665,25725,0.849757045675413,0.363140417761876,0.0584645286686103,0.287995578840474,0.0917784256559767,0.348864003397649,425,21860,0,783,1504,1153,"epithelial",0.00597674136852885,0.941033729162311,0.0678275637054754,0.41789018948357,FALSE,FALSE,FALSE,FALSE,FALSE,FALSE,FALSE
"NFE2L3",0.816763247723327,0.0268441278401104,-0.129641102708139,0.104055676853322,0.212807691328391,-0.144019667683584,0.119114473834826,0.226629726674732,-0.01389473792894,0.272559369878265,0.959342447864006,-0.148116684513745,0.101866976971666,0.145940590823749,-0.173170249747507,0.0921016951207776,0.0600798751261953,15751,0.926988762618246,0.161177875031373,0.0170147927115739,0.0341013185851706,0.0559964446701797,0.804720806383456,115,14601,2,445,268,320,"epithelial",-0.139075243722213,0.0560591059849725,-0.162263077248471,0.0259464242620032,FALSE,FALSE,FALSE,FALSE,FALSE,TRUE,FALSE
"NFS1",0.787549586943656,0.0349441682706796,-0.118329821215149,0.109592892975746,0.280266141951206,-0.108003716069195,0.111016714827207,0.330622910405801,-0.335377115512406,0.286045057138604,0.241011401511684,0.0422449442344891,0.114319982014123,0.711730882652223,0.00706182561031482,0.115076394553621,0.951067400085874,6594,0.886411889596603,0.445133680124373,0.037761601455869,0.218584237186131,0.0758265089475281,0.336282082689496,78,5845,0,157,249,265,"epithelial",-0.041430868322678,0.600489103715273,-0.0525363716783504,0.510828302124024,FALSE,FALSE,FALSE,FALSE,FALSE,FALSE,FALSE
"NHP2",0.764867145835914,0.0116518694532819,-0.185518216958375,0.114150343153674,0.104117936528617,-0.0605796163182218,0.130958942152362,0.643662004480948,0.312384928984183,0.350778973066896,0.37317260000516,-0.0864653490340911,0.115562663871665,0.454332413123783,-0.10026315093932,0.114165389970976,0.37982043306199,97214,0.86156314934063,0.300022349961536,0.0410126113522744,0.164625637246809,0.0974242393070957,0.535352012791654,1686,83756,2,3375,3987,4408,"epithelial",-0.136600756477985,0.0925604705667232,-0.0831274150043182,0.334060003310058,FALSE,FALSE,FALSE,FALSE,FALSE,FALSE,FALSE
"NLE1",0.805959459376226,0.0469062892619435,-0.248419874055311,0.106293089637658,0.0194328630019162,-0.187315434602779,0.117015447894953,0.109426703977885,-0.105579394780562,0.278056851934848,0.704164894627621,-0.0598531272623827,0.120446594167833,0.619240749922864,-0.0943359046174184,0.124464842517416,0.448491607527879,5905,0.888738357324301,0.445014358674291,0.0469093988145639,0.270753151208537,0.0643522438611346,0.284232490117171,81,5248,0,92,277,207,"epithelial",-0.16586149459922,0.0374203356238041,-0.143691256205805,0.0919034170553301,TRUE,FALSE,FALSE,FALSE,TRUE,FALSE,FALSE
"NME1",0.812920057850869,0.0448276852505201,-0.166911663876725,0.115566601008075,0.148657471762908,-0.0738021016865739,0.131442492689615,0.574471548674843,0.2195033675798,0.338715504449033,0.516954931762177,0.087831734244926,0.123557527898148,0.47717285137844,0.0371486165146517,0.114634251656228,0.745891018445442,93001,0.861657401533317,0.292939088214237,0.0481285147471533,0.188607394375632,0.0902140837195299,0.518453517410131,2626,80135,2,3139,4476,2623,"epithelial",-0.04804335242073,0.569204746146841,-0.0107834613512473,0.900668294246714,FALSE,FALSE,FALSE,FALSE,FALSE,FALSE,FALSE
"NME2",0.803446052039081,0.0352254089882815,-0.100594781866073,0.113526568234751,0.375568912501799,-0.0834088158262754,0.121178615719523,0.491255700564138,-0.00719566277607296,0.286308989225244,0.979949271250221,0.0177416995528341,0.119729891342732,0.882199896259812,-0.0664951262968563,0.115289874144428,0.56409843860631,7532,0.863648433351036,0.385239993976272,0.055894848645778,0.287395335788871,0.0804567180031864,0.327364670234857,156,6505,0,245,421,205,"epithelial",-0.0445714084419626,0.58848079129222,-0.0745310328737178,0.372229955149799,FALSE,FALSE,FALSE,FALSE,FALSE,FALSE,FALSE
"NOB1",0.777078930996552,0.0150931240830573,-0.0759577842909202,0.110338064067714,0.491194870174002,-0.0524420648673477,0.117902786790041,0.656471004780417,-0.191175211438298,0.271563912150537,0.481446034766992,-0.0120099652690319,0.112676645693403,0.915115930790797,0.0263335820355095,0.115197087518843,0.819183010602894,30367,0.887311884611585,0.449365107105157,0.0372114466361511,0.21722667541788,0.075476668752264,0.333408217476963,438,26945,0,453,1130,1401,"epithelial",-0.0446543720408995,0.571100745410118,-0.012139978817434,0.882866877310714,FALSE,FALSE,FALSE,FALSE,FALSE,FALSE,FALSE
"NOLC1",0.80800745213618,0.0372663638569564,-0.0587770582982618,0.108616948285035,0.588410563447171,0.00868844741165468,0.114355127531278,0.939436785194266,0.479073267353488,0.219609177437808,0.0291478517692676,0.0817776130856404,0.110161791793646,0.457880765432915,0.139624880145223,0.114335914344417,0.222017384098461,23404,0.834515467441463,0.343853113566592,0.0477268842932832,0.226681045768602,0.117757648265254,0.429465840664806,616,19531,0,694,1117,1446,"epithelial",0.0105078402599759,0.891933389500486,0.0741676642361328,0.358986504679709,FALSE,FALSE,FALSE,FALSE,FALSE,FALSE,FALSE
"NOP14",0.812400889145637,0.0492867690260325,-0.392554773965854,0.106051505917549,0.000214287833301375,-0.328565851936444,0.11492380037015,0.00424993861472722,-0.224079673135758,0.250225808743716,0.3705146098032,-0.12749052868241,0.106183138567474,0.229880625588533,-0.0900484633571215,0.105554386039111,0.393603764086134,6924,0.840265742345465,0.360193714323594,0.035528596187175,0.175554139003085,0.12420566146736,0.464252146673321,145,5818,0,190,246,525,"epithelial",-0.260187050004988,0.000525352250013926,-0.199189423177094,0.0103994783197867,TRUE,TRUE,FALSE,FALSE,TRUE,TRUE,FALSE
"NOP16",0.758428891910193,0.0116518694532819,-0.0825934778366276,0.111933142102987,0.460586011023186,0.0212017453359431,0.12150733356407,0.861480837232321,0.321309465915948,0.282093996460635,0.25469664279108,-0.107802459445372,0.112044260560505,0.335978411274807,-0.0795444072195972,0.10824207920669,0.462415573022222,25674,0.889070655137493,0.455472814970192,0.0335358728674924,0.198038374442699,0.0773934719950144,0.346488810587108,360,22826,0,438,861,1189,"epithelial",-0.0951854621004774,0.229355909568667,-0.0349688776436941,0.665262925347455,FALSE,FALSE,FALSE,FALSE,FALSE,FALSE,FALSE
"NOP2",0.781490975413552,0.0235311345819111,0.0110281254023092,0.114485480479214,0.92326029541841,0.0477223057559846,0.115215649238499,0.678727744518036,0.299282533065745,0.250233017796267,0.231690564759788,-0.0661720962476917,0.114946431604083,0.564833057684525,0.00668249149870401,0.111535981236513,0.952224667104907,7707,0.81419488776437,0.314085343428994,0.0512521084728169,0.227900138727644,0.134553003762813,0.458014517843362,201,6275,0,276,395,560,"epithelial",-0.0274168832616748,0.735366014041379,0.0265365902546115,0.740538965006133,FALSE,FALSE,FALSE,FALSE,FALSE,FALSE,FALSE
"NUDC",0.803347922756187,0.0352254089882815,0.00656713757673439,0.105126745233318,0.950189538037826,-0.0721964420723665,0.112957636528349,0.522727839276977,-0.0153847670849157,0.225136225168867,0.945518669309594,0.0486185331403547,0.119144724860014,0.683227550861665,0.105229090473266,0.131576242680083,0.423851295483323,57904,0.745164410058027,0.199842922968587,0.0695806852721746,0.215099263707503,0.185254904669798,0.58505781332391,1724,43148,1,2699,4029,6303,"epithelial",0.0249746619614851,0.751377572082932,0.00308515455381006,0.971284963547351,FALSE,FALSE,FALSE,FALSE,FALSE,FALSE,FALSE
"NUDCD2",0.766879805995123,0.0127199364184014,-0.248485965315554,0.116985766906981,0.0336642853586916,-0.14962808170572,0.134105701431541,0.264530293965284,-0.0117329838060294,0.281451049384767,0.966747838158141,0.0625947143709655,0.117036996077388,0.592768493088658,0.0466104906299317,0.122614342973071,0.703842255825626,28071,0.808378753874105,0.212382369931013,0.0534003063660005,0.161718935473229,0.138220939759895,0.625898694595758,618,22692,1,1313,1499,1948,"epithelial",-0.0930137231401578,0.260938762470898,-0.0427422869540521,0.636688821370251,TRUE,FALSE,FALSE,FALSE,FALSE,FALSE,FALSE
"NUDT1",0.756656479116671,0.0117763118445521,0.176734444940671,0.1094612746252,0.106400768467259,0.167863442810032,0.122244104146067,0.169695673887906,0.553850976152756,0.296245994229434,0.061544327313245,-0.106697384576123,0.130129391068584,0.412254291837564,-0.179931548862245,0.125951050965171,0.153124080634819,21391,0.743350007012295,0.120020853527038,0.0536206815950633,0.0997951061584171,0.203029311392642,0.780184040314545,421,15901,2,1724,1147,2196,"epithelial",0.0592879714077971,0.479084695797767,-0.000840680078558471,0.99235352649995,FALSE,FALSE,FALSE,FALSE,FALSE,FALSE,FALSE
"NUP107",0.806997242742342,0.0408452637200154,0.0200343007911584,0.116022290311514,0.862905867132465,0.126606316119382,0.128413053974273,0.324167334948923,0.259349844882482,0.269073922956662,0.335115648009661,0.0823233702222675,0.116323544827865,0.479125182903535,0.0864199846342257,0.122393962717092,0.480138106850049,6486,0.747301880974406,0.239573443683684,0.0576626580326858,0.213083985551078,0.195035460992908,0.547342570765238,248,4847,0,271,374,746,"epithelial",0.051098073000562,0.533918008988083,0.105549277966707,0.233520044270048,FALSE,FALSE,FALSE,FALSE,FALSE,FALSE,FALSE
"NUP85",0.775457541222446,0.01687646560855,-0.257231198083473,0.11383741434675,0.0238438085564996,-0.154037655539778,0.12930456060409,0.233544536774564,-0.251298996992249,0.311260757932117,0.419460009210797,0.021273428712317,0.120413967203207,0.859768303889236,-0.00992333978266292,0.119323041016333,0.933721414595057,3940,0.773857868020305,0.262262865748841,0.067005076142132,0.261756128244697,0.159137055837563,0.475981006006462,91,3049,0,202,264,334,"epithelial",-0.125791679086325,0.128348563054813,-0.0762041271647658,0.384842089352637,TRUE,FALSE,FALSE,FALSE,FALSE,FALSE,FALSE
"PA2G4",0.751984620872767,0.0117763118445521,-0.0679178693878446,0.108478402582147,0.531252124175722,0.0176487328628924,0.119274560790426,0.882368587222334,0.457792270176878,0.30124361893064,0.128592783355487,0.0628216801771107,0.114010949838091,0.581623772841555,0.0876978976426413,0.11870838186281,0.460048173779307,75520,0.839194915254237,0.356040096696394,0.0406382415254237,0.198739652874511,0.120166843220339,0.445220250429095,1085,63376,0,2592,3069,5398,"epithelial",-0.00579712985467733,0.941197201168588,0.0528399664256501,0.529998502942258,FALSE,FALSE,FALSE,FALSE,FALSE,FALSE,FALSE
"PAFAH1B3",0.804321920806396,0.0235311345819111,-0.0720706353931251,0.1120709250815,0.520171815558986,-0.0505919751504309,0.118335914580189,0.668994436921339,-0.206344906678254,0.292288366911453,0.480210861519137,-0.0931394460659089,0.12087446811062,0.44097554872682,-0.121634360797454,0.114895450628089,0.289758048980777,38319,0.916020772984681,0.179138450762974,0.0246352984159294,0.0555334778065739,0.0593439285993893,0.765328071430453,357,35101,4,756,944,1157,"epithelial",-0.0818099374521992,0.319508395892389,-0.0871609069543698,0.290348805784751,FALSE,FALSE,FALSE,FALSE,FALSE,FALSE,FALSE
"PAICS",0.786096324908548,0.0210240871370657,-0.22506338849861,0.104433890379773,0.0311555744773685,-0.135165805261536,0.108917367585653,0.214607946414267,-0.228215143145225,0.258574171701456,0.377457488698393,-0.102428289535748,0.109707541444656,0.350485200818637,-0.0788296600793558,0.105944799558902,0.456838049982248,41033,0.943630736236688,0.626862254992671,0.0199108034996223,0.152465780650822,0.0364584602636902,0.220671964356507,369,38720,0,612,817,515,"epithelial",-0.16676413732769,0.0274777977666145,-0.106218484375018,0.161917208547913,TRUE,FALSE,FALSE,FALSE,TRUE,FALSE,FALSE
"PCBD1",0.79714791518015,0.0338448068282349,0.0616813400576652,0.10945348390809,0.573067704641933,0.0565917189329032,0.115880239212217,0.625292147824346,0.0117092173689546,0.25013688184343,0.962663671395135,0.121700137031901,0.111421249933775,0.274722139221515,0.162454592997648,0.107208490590877,0.129692748068994,108312,0.933857744294261,0.428648770862591,0.0162493537188862,0.0859746673049592,0.0498929019868528,0.485376561832449,825,101148,2,3058,1760,1519,"epithelial",0.09115607541478,0.243030870813262,0.113631975014787,0.148752736102098,FALSE,FALSE,FALSE,FALSE,FALSE,FALSE,FALSE
"PDF",0.774690391328306,0.0159196250848013,-0.148354440204152,0.113672254604395,0.191856460393843,-0.117112860408407,0.119881435807064,0.328615829535813,0.112742193912678,0.299900445050682,0.706967400878018,-0.0722892302982521,0.113140822129183,0.522867523035738,-0.0604016802294061,0.119391137909278,0.612916835069375,32,0.90625,0.498126781444109,0.03125,0.197995558095963,0.0625,0.303877660459928,0,29,0,1,1,1,"epithelial",-0.11014361227816,0.16958602434298,-0.0886410628688019,0.294718122826533,FALSE,FALSE,FALSE,FALSE,FALSE,FALSE,FALSE
"PES1",0.804948579326975,0.0433405920975502,-0.160110515166607,0.111013997017171,0.149230391708228,-0.061345804850987,0.114564653985573,0.59232568395073,0.487574428619099,0.21921103562428,0.0261333825679791,0.0575996729160494,0.118181026209061,0.625985440778338,0.0694020920993991,0.111275116333455,0.532825791630658,13141,0.832052355224108,0.33486807677567,0.0574537706415037,0.266535574931988,0.110493874134389,0.398596348292342,239,10934,0,577,755,636,"epithelial",-0.0580566639403555,0.473058409589186,0.00593218779468251,0.940756855838917,FALSE,FALSE,FALSE,FALSE,FALSE,FALSE,FALSE
"PHF19",0.808631317899526,0.0408452637200154,0.180613536452537,0.107440775296331,0.0927528033226923,0.25141263191582,0.111778986411574,0.0245001524302864,0.290584820536475,0.242053414211686,0.229945698869877,0.00687637944406248,0.117443291429274,0.953310029696087,0.00971071425346424,0.113108420196194,0.931583154200503,11004,0.780988731370411,0.27760043511306,0.0414394765539804,0.169786512995122,0.177571792075609,0.552613051891818,208,8594,0,618,456,1128,"epithelial",0.101457276348525,0.200598274334726,0.131990456808717,0.0968859524303267,FALSE,FALSE,FALSE,FALSE,FALSE,FALSE,FALSE
"PIGU",0.780798227440584,0.02733327395872,-0.0517900034794647,0.111177957790503,0.641337347944504,-0.0818244985542518,0.121293939937153,0.499931993792125,-0.172467513154247,0.310986911769898,0.579181110502388,-0.0279624902926646,0.118522310013086,0.81349012020022,-0.0746472034547139,0.118899046373494,0.530121839843423,8745,0.89136649514008,0.456916887650065,0.0377358490566038,0.222971103636439,0.0708976558033162,0.320112008713496,99,7795,0,182,330,339,"epithelial",-0.0406373210084209,0.616259942217157,-0.0781642954214393,0.357273824454792,FALSE,FALSE,FALSE,FALSE,FALSE,FALSE,FALSE
"PLAGL2",0.784566580971986,0.0221675639042961,-0.215146427882425,0.108430662681645,0.0472352885038238,-0.190136798323993,0.118198456057855,0.107698721662499,-0.143936815551143,0.280603125208431,0.607982700614093,-0.217997826548143,0.117458041138662,0.0634587736514585,-0.255152907073149,0.117986237991865,0.0305746537687401,11017,0.919851139148589,0.548929009664818,0.0171553054370518,0.118007779996088,0.0629935554143596,0.333063210339094,94,10134,0,248,189,352,"epithelial",-0.21645835609968,0.00659066250639953,-0.222703271309366,0.00765353770436248,TRUE,FALSE,FALSE,TRUE,TRUE,TRUE,FALSE
"PLK1",0.802488480634235,0.0357549334216855,-0.2476463644351,0.106984755821596,0.0206248770718934,-0.158409448434318,0.117034813182452,0.175888233658984,0.0625359544201371,0.259853220228275,0.809819602404606,-0.12719118633644,0.109480301927834,0.245327953122041,-0.0871265660605925,0.11015474549975,0.428974917049206,5828,0.939773507206589,0.607785981637444,0.0250514756348662,0.186755906950599,0.035175017158545,0.205458111411957,42,5477,0,82,146,81,"epithelial",-0.18880727432581,0.0136048696057846,-0.120611298531356,0.132675632484311,TRUE,FALSE,FALSE,FALSE,TRUE,FALSE,FALSE
"POLD2",0.7544101473803,0.0117763118445521,0.0717170364909422,0.107646929404129,0.505267527545355,0.151303099477886,0.112361584477653,0.178117727183865,0.695055043508262,0.234469863108302,0.0030330498104407,0.136278686889398,0.117207217017237,0.24494481584439,0.144844707836891,0.115100898279254,0.20824167559722,38806,0.90501468845024,0.490465101208862,0.0347111271452868,0.216837680270066,0.0602741844044735,0.292697218521072,571,35120,0,715,1347,1053,"epithelial",0.101257800314641,0.201540286955939,0.148151670310035,0.0653842191190101,FALSE,FALSE,FALSE,FALSE,FALSE,FALSE,FALSE
"POLE2",0.803558597838055,0.0408452637200154,-0.0933412770415709,0.112872023033055,0.40825657565592,0.058371047899137,0.12987919710742,0.653124601868099,0.238126929982786,0.313822519340009,0.447975251603205,0.1952791694184,0.115061829706764,0.0896650443744932,0.171386367271983,0.107057637567307,0.10940363164128,1089,0.815426997245179,0.315617251924784,0.0578512396694215,0.25810824094946,0.126721763085399,0.426274507125755,23,888,0,28,63,87,"epithelial",0.0481963670258959,0.54973940384604,0.125664188445304,0.12821772379623,FALSE,FALSE,FALSE,FALSE,FALSE,FALSE,FALSE
"POLR2I",0.771754997850498,0.0209389052184974,-0.0181379776152284,0.110285911692576,0.869366488241786,0.060220474140405,0.114315180726289,0.598337118843535,0.00678934005154678,0.280483032615905,0.980688383899968,-0.210073341360039,0.13159799067801,0.110415947941935,-0.219887592839973,0.129429502444988,0.0893383020122928,52951,0.826367773979717,0.219955630154052,0.0605087722611471,0.1856494234101,0.113123453759136,0.594394946435848,1213,43757,2,1876,3204,2899,"epithelial",-0.0973247544845768,0.249568803647665,-0.0625309171759482,0.465504991597652,FALSE,FALSE,FALSE,FALSE,FALSE,FALSE,FALSE
"POLR3H",0.781790703645208,0.0245996919505859,-0.096993723652138,0.108246065146527,0.370226863870261,0.00440132478985543,0.11203111393093,0.968661867038998,0.353401173122142,0.185212046276483,0.0563796409657032,-0.0489530594223402,0.118331804914865,0.679098830112702,-0.0359998556210876,0.116311669675987,0.756932097652343,8976,0.811163101604278,0.300166904998872,0.0735294117647059,0.31363842551339,0.115307486631016,0.386194669487738,245,7281,0,391,660,399,"epithelial",-0.0751076135532837,0.347023452103763,-0.0150421635302965,0.852113912668053,FALSE,FALSE,FALSE,FALSE,FALSE,FALSE,FALSE
"POLR3K",0.787167833618569,0.0312496445647063,-0.0998595240977897,0.110409704211192,0.365759393831176,-0.0196120142616097,0.121589809171796,0.871859856403089,0.310865877587768,0.242763525932965,0.200358946025011,0.0128099219061744,0.116387703895189,0.912359806412352,0.0815653682365269,0.123515895462762,0.509020697366376,17940,0.863656633221851,0.401123950799622,0.0309364548494983,0.165623355406476,0.105406911928651,0.433252693793902,298,15494,0,615,555,978,"epithelial",-0.0464925170633637,0.561631199760073,0.0301816553595843,0.727602015890306,FALSE,FALSE,FALSE,FALSE,FALSE,FALSE,FALSE
"POP1",0.796028797640783,0.0433405920975502,-0.190052844686346,0.115508926712846,0.0998972401155127,-0.084033720845788,0.112222631409598,0.45397016191896,0.205592113759714,0.23499985707951,0.381649764369839,-0.0494807269491778,0.116194301263389,0.670221015362784,-0.0790828513612413,0.110623014224817,0.474679448197313,2227,0.863942523574315,0.407729346042838,0.0273911091154019,0.149008242084259,0.108666367310283,0.443262411872904,35,1924,0,47,61,160,"epithelial",-0.120182592321101,0.142348431906957,-0.0815227499015481,0.300765875579239,FALSE,FALSE,FALSE,FALSE,FALSE,FALSE,FALSE
"POP7",0.79037662189337,0.027280274565978,0.0997154219995648,0.105502548526632,0.344583810110712,0.15331799009148,0.114310441517301,0.179841823424562,0.191557119904057,0.24816964645657,0.440185663297237,0.072249147150915,0.121460576082361,0.551952969383984,0.0309983105754424,0.122631495465794,0.800441241176765,31262,0.864500031987717,0.395703889134966,0.0452626191542448,0.238813316224825,0.0902373488580385,0.365482794640209,629,27026,0,707,1415,1485,"epithelial",0.0879039685109555,0.269756035444465,0.096448547008582,0.248721837856188,FALSE,FALSE,FALSE,FALSE,FALSE,FALSE,FALSE
"PPA1",0.784775704411808,0.0221675639042961,-0.117872025226248,0.107801496457654,0.274210604759223,-0.0943192068390212,0.120618448277198,0.43423610814747,-0.253797124819683,0.261342875103924,0.331485035204398,0.0908632100030892,0.115740373433878,0.43241802380573,0.104585277864784,0.109193584482845,0.338165177396922,233093,0.895839857910791,0.469859143835912,0.0268991346801491,0.162625694539829,0.0772610074090599,0.367515161624259,3321,208814,0,8100,6270,6588,"epithelial",-0.0209081031413051,0.790973416368054,0.0149969845027124,0.853023369914374,FALSE,FALSE,FALSE,FALSE,FALSE,FALSE,FALSE
"PPM1H",0.801862564834349,0.033384022793291,-0.0710253405811357,0.108044139250769,0.510940866387755,-0.0582051944711925,0.113896054867131,0.609324556735804,0.145898386097951,0.245584869880023,0.552454994224818,-0.00127116353873906,0.11613252394202,0.991266688478481,0.0506768241288396,0.117420519875458,0.666043749196042,2924,0.94562243502052,0.631791748017497,0.0198358413132695,0.152763767441216,0.0345417236662107,0.215444484541287,3,2765,0,82,58,16,"epithelial",-0.0386617389382385,0.625020744400876,-0.00542278571490645,0.94711486504426,FALSE,FALSE,FALSE,FALSE,FALSE,FALSE,FALSE
"PRDX2",0.772027571016378,0.0162335938735287,-0.232498656019453,0.110451572404381,0.0352928085532328,-0.100578300432853,0.117977414573713,0.393924626563116,0.724450594762965,0.330194893739741,0.0282347568511515,0.111209797028278,0.120272538013496,0.355148883599971,0.137143165885084,0.119747022401289,0.252095622426754,162439,0.874285116259026,0.267362015677667,0.0343205757238102,0.120980322929612,0.0913943080171634,0.611657661392722,4056,142018,6,2042,5575,8742,"epithelial",-0.0752482087073126,0.354980177828186,0.0165129450633826,0.844229722630099,TRUE,FALSE,FALSE,FALSE,FALSE,FALSE,FALSE
"PRIM1",0.752236515184525,0.0117763118445521,-0.259402826287731,0.112060513353575,0.0206213638296356,-0.131521953000975,0.124313785275768,0.290062893893225,0.0564542740251581,0.276139781985774,0.838008947503486,-0.0336907857565611,0.118394954421141,0.775979205142477,-0.126528895273713,0.121097762760871,0.296092691661154,3049,0.809445719908167,0.311914427999384,0.0367333551984257,0.163163076167964,0.153820924893408,0.524922495832652,93,2468,0,133,112,243,"epithelial",-0.152746182607735,0.0605439801209558,-0.128960003300164,0.137099880252636,TRUE,FALSE,FALSE,FALSE,FALSE,FALSE,FALSE
"PRMT1",0.783778032269062,0.0195444418252897,-0.186054682549739,0.108354358709644,0.0859618915219013,-0.12347802653734,0.121378465532108,0.309011858941232,-0.111290027396644,0.299522575185323,0.710221919075384,0.0403905000344133,0.120569983860032,0.737627867601167,0.0545723536678505,0.11900960007092,0.646554322123324,49771,0.798175644451588,0.232229899870307,0.071889252777722,0.241099986541892,0.12993510277069,0.526670113587801,1755,39726,1,1561,3578,3150,"epithelial",-0.0848811177085606,0.292239278464614,-0.0326984380165817,0.700393939368246,FALSE,FALSE,FALSE,FALSE,FALSE,FALSE,FALSE
"PRPF31",0.794593762918609,0.0312496445647063,0.106021615671437,0.107453604716365,0.323802764409274,0.110233511305633,0.121426014710696,0.36397095103181,-0.00147470697157641,0.267549811934332,0.995602164853335,0.00249088517062863,0.121529281249987,0.983647564955976,0.0545683636602422,0.128060425806777,0.670024646217564,19477,0.738563433793705,0.150000336070129,0.0831236843456385,0.19459996949344,0.178312881860656,0.655399694436431,473,14385,1,976,1619,2023,"epithelial",0.0605963721037667,0.451599181616447,0.0838801541611147,0.341118061109641,FALSE,FALSE,FALSE,FALSE,FALSE,FALSE,FALSE
"PSMA2",0.810772093121481,0.0465419027375751,-0.0234390322456029,0.109690853444257,0.830794542143913,-0.0137705457339965,0.123702256269672,0.911362528536443,0.344273747287295,0.233588453261545,0.140522668014536,0.0391262421211969,0.115654038079786,0.73513398965845,-0.050108879721812,0.113138585944759,0.65783934606021,69788,0.758554479280105,0.213084219664293,0.0705995300051585,0.228601920365028,0.170845990714736,0.558313859970679,1974,52938,1,4289,4927,5659,"epithelial",0.0061891311963966,0.938015127283164,-0.0335572717583347,0.687721231819537,FALSE,FALSE,FALSE,FALSE,FALSE,FALSE,FALSE
"PSMA7",0.785831988126747,0.0312496445647063,-0.153636406125884,0.11291297709623,0.173620503686219,-0.102029294963117,0.123397019988326,0.408329119424317,-0.0193619605086054,0.247883305230148,0.937741208769107,-0.0694842386158313,0.116663605412207,0.551445940553739,-0.139257787781272,0.120319350237219,0.247108390901992,332087,0.843282031515838,0.307702646932197,0.0429857236206175,0.180799065287354,0.113732244863545,0.511498287780449,4219,280043,4,15264,14275,18282,"epithelial",-0.112934762571142,0.163942107246285,-0.121113590789152,0.159751294124359,FALSE,FALSE,FALSE,FALSE,FALSE,FALSE,FALSE
"PSME3",0.772982495346055,0.0121835710103589,-0.282738920227838,0.111173455284493,0.0109835015841033,-0.194544108998245,0.118609562254256,0.100962353897611,0.0261784051898479,0.206548727590928,0.899144578312061,-0.018765134726146,0.116930429525406,0.872502036113929,-0.0552073413984723,0.117602230815569,0.638754250054865,15534,0.79361400798249,0.286879080533957,0.0525943092571134,0.219150196473665,0.153791682760397,0.493970722992378,372,12328,0,842,817,1175,"epithelial",-0.157410059164311,0.0507356872525286,-0.124281530673994,0.136697653424722,TRUE,FALSE,FALSE,FALSE,FALSE,FALSE,FALSE
"PSMG1",0.762575588154363,0.0124688834356822,-0.12524974598187,0.11102946649563,0.259287559450898,0.0629394420612607,0.11776585644455,0.593033287483027,0.828255758620824,0.299098354228405,0.0056198398391496,-0.0226982358604004,0.111739329945239,0.839029046782111,-0.0273518257473119,0.113220892564129,0.809106151114886,27070,0.904026597709642,0.295744239710856,0.0337273734761729,0.127183613927079,0.0622460288141854,0.577072146362065,314,24472,1,765,913,605,"epithelial",-0.0743007729063821,0.345482219351285,0.0160178979090445,0.844412369216183,FALSE,FALSE,FALSE,FALSE,FALSE,FALSE,FALSE
"PSRC1",0.809729258187491,0.0423031131587421,-0.112999660700061,0.108096179753756,0.29585559830935,-0.0103061390903643,0.117621894933633,0.930177971371158,-0.193358219907654,0.262483912202961,0.461336504228079,0.139562087773289,0.115743223842823,0.227898252683414,0.141572709186111,0.114870361049992,0.217778651814356,1300,0.882307692307692,0.417439180681511,0.0684615384615385,0.373364782906386,0.0492307692307692,0.209196036412103,1,1147,0,37,89,26,"epithelial",0.00466298407548886,0.952932537073712,0.0674305116699597,0.411925080404571,FALSE,FALSE,FALSE,FALSE,FALSE,FALSE,FALSE
"PTBP1",0.811361469725076,0.0408452637200154,-0.202670349691675,0.109565678083095,0.0643479628474149,-0.210073168200835,0.114858062767632,0.0674025150022119,-0.120445576545838,0.254347824237303,0.635823181103176,0.0515496261945032,0.115215315424416,0.654571902083398,0.064073670137315,0.118534958844155,0.588820126331317,43200,0.781273148148148,0.270659356220065,0.0652777777777778,0.260674807253838,0.153449074074074,0.468665836526097,960,33751,0,2094,2820,3575,"epithelial",-0.0819458835685385,0.302022667948707,-0.0773176129934954,0.348583579135617,FALSE,FALSE,FALSE,FALSE,FALSE,FALSE,FALSE
"PTPN14",1.27461838699966,0.0338448068282349,0.28108496627703,0.108882078979521,0.00983566032641437,0.164090368138945,0.119347848622346,0.169165018559002,-0.294937881440466,0.262816422828011,0.261768853696795,0.309984291967964,0.0958378492181143,0.00121870309153782,0.274302027941042,0.108079331264909,0.0111497755263731,2284,0.581436077057793,0.110347329162919,0.369089316987741,0.807429994952935,0.0494746059544659,0.082222675884146,19,1328,0,28,843,66,"epithelial",0.297368574518789,3.57152980782688e-05,0.224643570552848,0.00504541603690326,TRUE,FALSE,TRUE,TRUE,TRUE,TRUE,FALSE
"PTRH2",0.791785883535856,0.035435715689267,-0.0491372951089057,0.117004909515404,0.674515216225186,0.0703003128951337,0.126209765982699,0.577519453830368,0.286761184709295,0.349081776194329,0.41137701020365,-0.0613125017785629,0.120948572101756,0.612203690798869,-0.0751327600342405,0.114600625319829,0.512078211721605,8436,0.815670934091987,0.309418155526242,0.0681602655286866,0.298040739988744,0.116168800379327,0.392541104485013,218,6881,0,287,575,475,"epithelial",-0.0550231711063611,0.51291799549454,-0.00941109714915972,0.911676797784239,FALSE,FALSE,FALSE,FALSE,FALSE,FALSE,FALSE
"PTTG1",0.759226845048279,0.0116518694532819,-0.14422377189629,0.105528175456162,0.1717240691597,-0.0819352078382667,0.114275759190348,0.473376858510794,-0.155975994388535,0.259613333936486,0.547972425755109,0.020986666227486,0.115207157058322,0.855453549530642,0.0898265766180271,0.113435486857225,0.428434334120656,42358,0.820931111006185,0.0956880035116335,0.0294159308749233,0.039522729349,0.149652958118891,0.864789267139366,751,34773,8,1308,1246,4272,"epithelial",-0.0688489319247543,0.376288496961825,0.00457949019722786,0.954637976466132,FALSE,FALSE,FALSE,FALSE,FALSE,FALSE,FALSE
"PUS1",0.785608200486928,0.0175822392495243,-0.00771601849921965,0.110013909209118,0.944084813166897,-0.00684331035457902,0.11143025762173,0.951029985341544,0.131301879858892,0.256448561665571,0.608650419305046,0.107513071752886,0.114246141375614,0.346671430430465,0.0988529156351206,0.114024090659506,0.385970702351465,10065,0.890611028315946,0.457037012825421,0.0317933432687531,0.188067198931107,0.0775956284153005,0.354895788243472,159,8964,0,248,320,374,"epithelial",0.0477246992506632,0.547015587089481,0.0447889375155018,0.574109802383812,FALSE,FALSE,FALSE,FALSE,FALSE,FALSE,FALSE
"R3HDM1",0.783985956447874,0.0204192188342411,-0.100329116968691,0.106519525700952,0.346251647951159,0.0646315621607319,0.105636137886314,0.540648961565855,0.339637555025251,0.208410847383263,0.103174660878491,-0.119317958580002,0.117520145906237,0.309963840144083,-0.0104862003496452,0.117669460429308,0.928989933126706,5618,0.737807048771805,0.227716554014303,0.0708437166251335,0.252038388155554,0.191349234603062,0.520245057830143,186,4145,0,300,398,589,"epithelial",-0.10889340505381,0.167671014579912,0.0311088494939947,0.692288787688844,FALSE,FALSE,FALSE,FALSE,FALSE,FALSE,FALSE
"RAB15",0.734426251957322,0.0116518694532819,-0.0840714018966456,0.119729330765658,0.482567643553823,0.0217728013678007,0.122981304738791,0.859475749309594,-0.262790186203916,0.281997518582697,0.351394258415752,0.0159145836731274,0.118234805532769,0.892926945567829,0.0322729839976021,0.121652741365718,0.790787788216246,5531,0.94359067076478,0.618030555115841,0.0329054420538781,0.248432031823702,0.0235038871813415,0.133537413060456,18,5219,0,29,182,83,"epithelial",-0.0334504754797733,0.690914868752395,0.0270799155985367,0.754198364307557,FALSE,FALSE,FALSE,FALSE,FALSE,FALSE,FALSE
"RACGAP1",0.818253995389888,0.0408452637200154,-0.213577687230801,0.10647419375078,0.0448658138147719,-0.0626642593027075,0.121234581742449,0.605236885427884,0.0901528977037928,0.247885764012659,0.716091547637113,0.0941558046367485,0.116104495882405,0.417390112772187,0.135314052046582,0.109701686731971,0.21739940049745,4114,0.812591152163345,0.314381769076278,0.0439961108410306,0.196206370898488,0.143412736995625,0.489411860025234,44,3343,0,235,181,311,"epithelial",-0.0730007534995623,0.352231706526149,0.04618728332264,0.570166128580012,TRUE,FALSE,FALSE,FALSE,FALSE,FALSE,FALSE
"RANBP1",0.799409064576089,0.0378032857137409,-0.170176535842178,0.110430836088064,0.123311017503831,-0.0406170641357241,0.122992654693708,0.741218810189619,0.556279182837287,0.293043174538012,0.0576586745305757,-0.012393592835995,0.113529487287138,0.913070597834404,0.0328922366103334,0.105334469800287,0.754839364985906,136422,0.847268035947281,0.259251141994569,0.0439591854686194,0.155046885050241,0.108772778584099,0.58570197295519,2079,115586,4,5115,5997,7641,"epithelial",-0.0934676863530323,0.237699725735653,0.0017887910349134,0.982161792696623,FALSE,FALSE,FALSE,FALSE,FALSE,FALSE,FALSE
"RBM12",0.802781512117363,0.04150767276419,-0.254867023317449,0.102460185712406,0.0128653944306074,-0.239692177682245,0.102266423014908,0.0190883363719987,-0.295077470217875,0.217482065839564,0.174847977817646,0.11657886164696,0.114116068583255,0.306979029241293,0.127618775302325,0.118129502305769,0.279995518548602,9775,0.765217391304348,0.259733993113251,0.0451150895140665,0.176514073385342,0.189667519181586,0.563751933501406,235,7480,0,546,441,1073,"epithelial",-0.0890771322093173,0.242649110793507,-0.0823377930240986,0.286910602978264,TRUE,TRUE,FALSE,FALSE,FALSE,FALSE,FALSE
"RBMX",0.799760230809703,0.0352254089882815,-0.257136166758688,0.10857413910906,0.0178700244294632,-0.225816163024275,0.119555024795881,0.0589179239826141,-0.251346700147779,0.299373241922,0.401145952090895,0.0128489552595783,0.113323021732674,0.909726559443885,0.0111885247755699,0.126790854189464,0.929682792898485,62347,0.746675862511428,0.206081667502802,0.0533626317224566,0.169768863204165,0.199961505766115,0.624149469293033,2198,46553,1,2528,3327,7740,"epithelial",-0.127918986945515,0.102753518496957,-0.114269272218396,0.188952204431325,TRUE,FALSE,FALSE,FALSE,FALSE,FALSE,FALSE
"REPIN1",0.785907962518963,0.0209389052184974,-0.0247252212620668,0.106796676652775,0.816913361366233,0.0298324768636829,0.113855980755567,0.793306478075258,0.165427631078404,0.314801252168097,0.599236595846965,-0.199128446912174,0.110862175692391,0.0724658597795014,-0.196227613812053,0.106564217682998,0.0655626009060322,26453,0.902657543567837,0.480452857666766,0.0339470003402261,0.208277675907507,0.0633954560919366,0.311269466425727,490,23878,0,734,898,453,"epithelial",-0.108670413054527,0.157689110053517,-0.0906677308224268,0.2438740729955,FALSE,FALSE,FALSE,FALSE,FALSE,FALSE,FALSE
"RFC4",0.797365625855488,0.035435715689267,-0.0230620479892559,0.1124386441511,0.837487867363792,0.0827083815471199,0.120554623788191,0.492671735703425,0.178575268738187,0.263856164842707,0.498539071677358,0.0602284690680507,0.116074218878393,0.603845156252988,0.0459176723772133,0.11510440753942,0.689950730028513,5550,0.828108108108108,0.334140588695656,0.0531531531531532,0.247220672018076,0.118738738738739,0.418638739286268,105,4596,0,161,295,393,"epithelial",0.0172584174073375,0.830782666235081,0.063462602840073,0.445879568014358,FALSE,FALSE,FALSE,FALSE,FALSE,FALSE,FALSE
"RFT1",0.784668212341057,0.0235311345819111,-0.34950638976974,0.112861689016196,0.00195643376250676,-0.233562001549665,0.121441960643787,0.054449951923463,-0.305552702689238,0.310054320894786,0.32438776395371,-0.07051237584246,0.120233435780309,0.557564897032465,-0.0218156238591209,0.119881422196993,0.855601022700457,5550,0.781261261261261,0.268471341147662,0.0634234234234234,0.251226168864383,0.155315315315315,0.480302489987955,182,4336,0,319,352,361,"epithelial",-0.218823888260656,0.007831621050013,-0.126319593765931,0.138707918100004,TRUE,FALSE,FALSE,FALSE,TRUE,FALSE,FALSE
"RNASEH2A",0.812027899742672,0.0448854516972859,-0.18016881839929,0.106727318963297,0.0913876624026523,-0.146260832713013,0.119933826123113,0.222649631385038,-0.185640252181192,0.291871376673149,0.524753964576222,-0.00355434306875218,0.118865545236996,0.976145039467213,0.0205879227044916,0.110780550452923,0.852566942178216,12311,0.85419543497685,0.113261246469838,0.042888473722687,0.0655508360555606,0.102916091300463,0.821187917474601,228,10516,2,468,528,569,"epithelial",-0.101337048706111,0.201930488592023,-0.0562273627298453,0.489599897138387,FALSE,FALSE,FALSE,FALSE,FALSE,FALSE,FALSE
"RPN2",0.81201538365426,0.0482659330347786,-0.178772940963683,0.103114771270398,0.0829663993668353,-0.183437710655797,0.103363946888316,0.0759510888922059,-0.266310484857896,0.279521432339422,0.340723207424788,0.0430505587555514,0.120069005111666,0.71993289753755,0.0572803868411441,0.120469798851754,0.634448393619024,93891,0.815626630880489,0.274769388720334,0.0463090179037394,0.179827486560738,0.138064351215771,0.545403124718928,4953,76580,1,4341,4348,3668,"epithelial",-0.0846154069202822,0.279399200307619,-0.0813680358198358,0.299621353974767,FALSE,FALSE,FALSE,FALSE,FALSE,FALSE,FALSE
"RPUSD3",0.748566266442305,0.0117763118445521,-0.036675115691652,0.112542119285848,0.744515888588566,0.0122282625479199,0.121334100666811,0.919723717416609,0.129091254223422,0.279009012623018,0.643595389574858,-0.157215801038938,0.126442024487869,0.213726914370424,-0.132912014039999,0.124381772536223,0.285258458782567,11154,0.824547247624171,0.151776262396568,0.0551371705217859,0.116989352241282,0.120315581854043,0.73123438536215,246,9197,1,383,615,712,"epithelial",-0.0899581529843359,0.284577551982447,-0.0585419436004711,0.500292328260713,FALSE,FALSE,FALSE,FALSE,FALSE,FALSE,FALSE
"RRM2",0.814254581868179,0.0410800137970774,-0.15526489232826,0.1109591560798,0.161723727904857,-0.0291150665965826,0.118539912771642,0.805981021598999,0.713736622224532,0.305734186180243,0.0195695279110962,-0.0145898064460338,0.113766740599983,0.897956544400835,0.112869814835971,0.115079048633167,0.326690161312577,12910,0.878543764523625,0.424526784277757,0.0382649109217661,0.213135580028632,0.0831913245546088,0.362337635693611,259,11342,0,372,494,443,"epithelial",-0.0866845814743518,0.275150563307115,0.0439802966099644,0.594279197872984,FALSE,FALSE,FALSE,FALSE,FALSE,FALSE,FALSE
"RRP9",0.798785520940494,0.035435715689267,-0.134145577494477,0.111351536833744,0.22831781443145,-0.0751051111006385,0.12826004645111,0.558165164854597,0.214421656393962,0.346343865745482,0.535850161690643,-0.102478142942347,0.120138946292688,0.393661050154802,-0.129045262114306,0.11995571153256,0.282028244156511,11253,0.883675464320626,0.43341113837723,0.0456767084333067,0.258235309547313,0.0706478272460677,0.308353552075456,152,9944,0,256,514,387,"epithelial",-0.119512230536744,0.143357876995967,-0.103877796814832,0.235748498826002,FALSE,FALSE,FALSE,FALSE,FALSE,FALSE,FALSE
"RUVBL2",0.785000178018802,0.0235311345819111,-0.0286304649283239,0.110987685908587,0.796437211513551,0.0552719601455788,0.123814247367631,0.655300865793059,0.336365562224503,0.315534228377088,0.286414939031922,-0.0705839024507731,0.115188821614085,0.540030449489078,-0.00479381604476133,0.109888232728659,0.965203745060062,26245,0.867746237378548,0.397275784363949,0.0514764717088969,0.271657487532983,0.0807772909125548,0.331066728103068,463,22774,0,697,1351,960,"epithelial",-0.0488281845902609,0.541244622954804,0.0216724979194517,0.792013418806799,FALSE,FALSE,FALSE,FALSE,FALSE,FALSE,FALSE
"SDCCAG8",1.21743727117997,0.0481672892841188,0.198500767976208,0.100200788562285,0.0475879095801274,0.108214734905433,0.100309145216404,0.280671431670523,-0.606590210215384,0.342980845252043,0.0769634323590193,-0.325239136806742,0.12480421802483,0.00916078660655577,-0.308938193571208,0.125646041535945,0.013940315918594,7564,0.636039132734003,0.151893071228865,0.078397673188789,0.215809646419256,0.285563194077208,0.632297282351879,376,4811,0,1305,593,479,"epithelial",-0.0067768964250443,0.930883078332367,-0.0541662195428802,0.489583767740328,TRUE,FALSE,FALSE,FALSE,FALSE,FALSE,FALSE
"SFPQ",0.766847935981233,0.0121835710103589,-0.303464301948599,0.109234695775203,0.0054678722060308,-0.297619328050401,0.118715449288988,0.0121761591822161,-0.426210545623586,0.273071299597623,0.118570203100038,-0.0352882836245544,0.108566310241221,0.745151564125965,-0.00486027620591734,0.114242224866111,0.966065350619224,70408,0.672778661515737,0.159765858356411,0.0702761049880695,0.19236807750371,0.256945233496194,0.647866064139878,2547,47369,1,5895,4948,9648,"epithelial",-0.168553324672386,0.0286031384537828,-0.145620351012639,0.0768922284556535,TRUE,TRUE,FALSE,FALSE,TRUE,FALSE,FALSE
"SKP2",0.749709637454618,0.0117763118445521,-0.129643430333431,0.11569416741209,0.262470877635741,0.00217280047165853,0.127708908108408,0.986425689946759,0.0737761919869782,0.277911659189153,0.790650233969252,0.0848538466714073,0.113499164698184,0.454691517853466,0.146502914210938,0.111774429128812,0.189958624787146,3476,0.87945914844649,0.433589059012812,0.0325086306098964,0.184745927162678,0.0880322209436133,0.38166501382451,69,3057,0,64,113,173,"epithelial",-0.0203407228022021,0.801771464836201,0.0838988079078135,0.318523254625909,FALSE,FALSE,FALSE,FALSE,FALSE,FALSE,FALSE
"SLC12A2",0.793380007827539,0.0116518694532819,-0.233553125970012,0.0998137111286901,0.0192894091761811,-0.0794496193152389,0.105418636899182,0.451054492102022,0.422859602638499,0.215878502654779,0.0501379548020534,-0.0087210654124472,0.113288578861782,0.938638678709659,0.0972764188319637,0.128520864078231,0.449114545399793,82372,0.967828873889186,0.752572657484544,0.0128320303015588,0.115016140598221,0.0193390958092556,0.132411201917234,290,79722,0,424,1057,879,"epithelial",-0.135297043997522,0.0708314378401505,-0.00837027335998877,0.918205930760174,TRUE,FALSE,FALSE,FALSE,FALSE,FALSE,FALSE
"SLC5A6",0.79196227945218,0.033384022793291,-0.0472951543815521,0.116536446807994,0.684860148355994,0.0194066326192173,0.125377867698946,0.876990695166552,0.545052017732058,0.30657636761587,0.0754256954713364,-0.198615230468563,0.119781203999528,0.097287148354122,-0.212144248305506,0.120539034081698,0.0784140686021144,10249,0.876573324226754,0.431540368737296,0.0256610401014733,0.145619986618305,0.0977656356717728,0.422839644644399,175,8984,0,261,263,566,"epithelial",-0.120877885228506,0.147850293529181,-0.100923202210941,0.245459646550047,FALSE,FALSE,FALSE,FALSE,FALSE,FALSE,FALSE
"SMPD4",0.794520146183262,0.0301390114830333,0.15262479719449,0.112158300445292,0.173577516479461,0.0610393058785647,0.120688377381094,0.613025420459178,0.0945928553447541,0.257918619093736,0.713802030764482,0.0641965277114176,0.122460004851891,0.600122442617958,0.0710737907327915,0.122381033307747,0.561403418937996,6970,0.808177905308465,0.30265307231979,0.0618364418938307,0.266929245625184,0.129985652797704,0.430417682055026,178,5633,0,250,431,478,"epithelial",0.112285931214993,0.174597625924679,0.0659866748213702,0.442548853593894,FALSE,FALSE,FALSE,FALSE,FALSE,FALSE,FALSE
"SND1",0.813498755342031,0.0479691214751339,-0.0558133304114542,0.113537064860119,0.623011426865057,-0.122818409995243,0.122680392769416,0.316766372947546,0.243730736773869,0.224776549820236,0.278220912993455,0.117789587074254,0.117246858024091,0.315075555082871,0.134414344891809,0.115091818333375,0.24285197545737,27528,0.804453647195583,0.293900117853197,0.0602295844231328,0.253642575895108,0.135316768381285,0.452457306251695,1124,22145,0,1400,1658,1201,"epithelial",0.0281982262641093,0.729550120525897,0.0139992774726192,0.867540372220521,FALSE,FALSE,FALSE,FALSE,FALSE,FALSE,FALSE
"SNRNP25",0.74738770967331,0.0116518694532819,-0.153752792824794,0.11206509212425,0.17006486445825,-0.0444758067296208,0.123039885418657,0.717744608270936,0.231686041189982,0.271164509740571,0.392877096359504,-0.098988787710212,0.119132835552277,0.40602388919798,0.0154260040400127,0.113724847500608,0.892103339829938,20863,0.776590135646839,0.173727424928799,0.0423716627522408,0.109261101078544,0.18103820160092,0.717011473992657,840,16202,1,1650,884,1286,"epithelial",-0.128043368223699,0.116728689854551,-0.0121718258980384,0.884123051440584,FALSE,FALSE,FALSE,FALSE,FALSE,FALSE,FALSE
"SNRPA",0.808179102758824,0.0305828089953514,-0.0662103767956344,0.11107182711514,0.551105653743122,-0.0603449771099296,0.11955838852794,0.613746890943461,0.136247868821277,0.292593640662762,0.64146203446124,-0.038124374206382,0.112314263474509,0.734275468908448,0.0510881656157159,0.114381358025275,0.655129479981201,19657,0.822709467365315,0.327080004580146,0.0471587729561988,0.21611432257179,0.130131759678486,0.456805672848064,423,16172,0,773,927,1362,"epithelial",-0.0523235803537969,0.507630712811012,-0.00216362408377621,0.979115104844256,FALSE,FALSE,FALSE,FALSE,FALSE,FALSE,FALSE
"SNRPC",0.790261073643814,0.03263322778807,-0.0529961814125029,0.11064443408028,0.631954719042031,-0.0389449139723984,0.122614023299412,0.75077166760675,-0.108262451368154,0.306144182131761,0.723614513347056,-0.0245093698729999,0.116596897919509,0.833506881137559,-0.0361995486845211,0.122216332117088,0.767083152787358,51146,0.801724475032261,0.2029320678018,0.0462401751847652,0.134914479680568,0.152035349782974,0.662153452517632,1339,41005,2,2452,2365,3983,"epithelial",-0.0394984606188021,0.622623412516746,-0.037567771894969,0.664283246554788,FALSE,FALSE,FALSE,FALSE,FALSE,FALSE,FALSE
"SNRPF",0.7795311685423,0.0209389052184974,0.0219440520318151,0.108773055345713,0.840118726085079,0.0645853729632204,0.109442717634594,0.555103852654207,0.414102090954231,0.30734536099421,0.177867201888947,0.0697021136471786,0.114483359782076,0.542630121719461,0.130382316226338,0.119459570097202,0.27508166471338,110898,0.851097404822449,0.297318560776984,0.0424083391945752,0.170768425297538,0.106494255982975,0.531913013925477,1485,94385,2,3866,4703,6457,"epithelial",0.0446023574297995,0.571651843334974,0.0946100481992024,0.241031942840372,FALSE,FALSE,FALSE,FALSE,FALSE,FALSE,FALSE
"SPAG5",0.801884806094705,0.0408452637200154,-0.200486225456796,0.104879872241823,0.0559301364798601,-0.093916253467542,0.11526013955182,0.415175417784662,-0.0387776920040925,0.220966776105811,0.860693801120397,0.114367276366181,0.119284088619688,0.337669257702558,0.153136557758323,0.115409235438983,0.184541640383916,1795,0.796100278551532,0.28885181170977,0.0423398328690808,0.177080203567863,0.161559888579387,0.534067984722367,33,1429,0,162,76,95,"epithelial",-0.0632079806502597,0.422266178422937,0.0294504666965595,0.718012249959435,FALSE,FALSE,FALSE,FALSE,FALSE,FALSE,FALSE
"ST7",0.761232671693139,0.012272462084503,0.0996793303841832,0.111072488665537,0.369491686317333,0.143568801658875,0.121290248254963,0.236539887511152,0.213891731040657,0.244712455024438,0.382089223128307,0.0321729662572155,0.116588686863402,0.782584374078191,0.00589180816745648,0.117263372360122,0.959927763451685,3509,0.788543744656597,0.26885629787528,0.0926189797663152,0.364005519686425,0.118837275577087,0.367138182438294,124,2767,0,132,325,161,"epithelial",0.0675608582940989,0.400849410569651,0.0724069269117867,0.390415189942584,FALSE,FALSE,FALSE,FALSE,FALSE,FALSE,FALSE
"SYBU",0.772980044404815,0.0154109915415578,0.00595799439749123,0.108721086825682,0.956297222683739,0.104542716967643,0.104570503324754,0.317439117327852,0.593271375842227,0.298156680082413,0.0466132620288724,0.0474704725027333,0.118840014456312,0.68956272021036,0.0663550105247083,0.122063896203244,0.586710689374349,4120,0.971844660194175,0.771815508745709,0.0106796116504854,0.0977655081441295,0.0174757281553398,0.130418983110162,39,4004,0,20,44,13,"epithelial",0.0248719466549282,0.756515587795227,0.0883790280342901,0.265754246180744,FALSE,FALSE,FALSE,FALSE,FALSE,FALSE,FALSE
"TACC3",0.813896634810167,0.0465419027375751,-0.162596825446759,0.111471229796303,0.144663153842144,-0.0707604644734328,0.118687031427902,0.551045810947048,0.0509974401426151,0.25668440969936,0.84251495442881,-0.0435294461129828,0.110858230725239,0.694571595807127,0.0648657841934908,0.115873774836413,0.575617953361582,4583,0.631245908793367,0.0574019402222604,0.0381845952432904,0.0400248525214975,0.330569495963343,0.902573207256242,159,2893,1,320,175,1035,"epithelial",-0.102734849830248,0.191217684567661,-0.00132091087372648,0.987289036696297,FALSE,FALSE,FALSE,FALSE,FALSE,FALSE,FALSE
"TARBP2",0.788440192646477,0.0317301239677222,0.0105327165074513,0.110275647675798,0.923907663350413,0.104361363592992,0.117908803669901,0.37610141209315,0.369164338425087,0.298680838829555,0.216465008256653,0.0389928216121118,0.12151437397164,0.748293289931704,0.0418674399738807,0.12494005392969,0.737549484402735,6717,0.81048086943576,0.303595446651704,0.0641655500967694,0.277056255667849,0.125353580467471,0.419348297680448,176,5444,0,273,431,393,"epithelial",0.0233860698953281,0.77458864126943,0.0749222849964586,0.382277509725043,FALSE,FALSE,FALSE,FALSE,FALSE,FALSE,FALSE
"TCOF1",0.783850580215353,0.0235311345819111,-0.110286146808077,0.109294072046968,0.312937652780733,-0.103412959736646,0.117414106035799,0.378450907559811,0.0493815825935688,0.286818585472483,0.863303808931306,0.0717100461835074,0.113373526774643,0.5270527729056,0.097650537899513,0.110691064903617,0.377674130549414,13147,0.68205674298319,0.185133235756575,0.0457138510686849,0.143029377104548,0.272229405948125,0.671837387138877,911,8967,0,1384,601,1284,"epithelial",-0.0226212524202503,0.773736883549822,0.00303967605291095,0.969894896868374,FALSE,FALSE,FALSE,FALSE,FALSE,FALSE,FALSE
"TFCP2",0.820548034925363,0.0433335991990584,0.0990873160500819,0.144891007939058,0.49405419768125,0.0439459875130994,0.165197715285058,0.79022338044915,-0.0638123655052295,0.348436539012898,0.854688851649663,0.0595877097790019,0.123661774676088,0.629905132807986,-0.0477984078930019,0.137494591153404,0.728111718998636,4649,0.795224779522478,0.289084997170632,0.0496881049688105,0.208210024835141,0.155087115508712,0.502704977994227,83,3697,0,303,231,335,"epithelial",0.0762344401127838,0.417665008965651,-0.010253127611566,0.922709952501389,FALSE,FALSE,FALSE,FALSE,FALSE,FALSE,FALSE
"TGFB2",1.24785869257226,0.0236903753400249,0.300535758305795,0.0971344648774378,0.00197465673164103,0.333554777927751,0.103843067165491,0.00131766460359635,0.160804776856896,0.275995494779092,0.5601386928698,0.190839963627464,0.0963893148747712,0.0477162133055514,0.119769209286076,0.113289494775574,0.290422110493197,485,0.4,0.0579553168549644,0.393814432989691,0.657716103319591,0.206185567010309,0.284328579825445,3,194,0,94,191,3,"epithelial",0.245265491116476,0.000337423779260914,0.23594523857007,0.00205458004271317,TRUE,TRUE,TRUE,FALSE,TRUE,TRUE,FALSE
"TGFBRAP1",0.76436447066232,0.0121835710103589,-0.182957215477418,0.0928314240712453,0.048740538520256,-0.149984653782112,0.0984417793941725,0.127611815038305,-0.129101659431001,0.184567110174787,0.48424988308079,-0.584602829649571,0.166704291260507,0.000453486732965835,-0.61662922530707,0.170943597566243,0.000309508757377734,3458,0.8155002891845,0.0679558923359826,0.0589936379410064,0.0566658923141355,0.125506072874494,0.875378215349882,50,2820,1,184,204,199,"epithelial",-0.278025641424332,0.000608034472858219,-0.266198004449492,0.00180575720284076,TRUE,FALSE,TRUE,TRUE,TRUE,TRUE,FALSE
"TIMELESS",0.776609828845315,0.0159196250848013,-0.202632097262024,0.111959787063661,0.0703167287694837,-0.126122690795899,0.11963599056919,0.291782064540944,0.0939079109806003,0.26038564282034,0.718361597965964,0.0176748246882193,0.115143050560756,0.878001480887471,0.086733448517798,0.11427305626432,0.447851516036974,2689,0.831164001487542,0.332406623191621,0.0583860171067311,0.269156794017287,0.110449981405727,0.398436582791092,55,2235,0,123,157,119,"epithelial",-0.0955660359537968,0.233823442645459,-0.0148169400254801,0.857696091699996,FALSE,FALSE,FALSE,FALSE,FALSE,FALSE,FALSE
"TIMM10",0.805351504157389,0.0471606839389895,-0.0809316543312905,0.113440669740475,0.4755814742781,0.028726786038629,0.131112126504049,0.826571443047798,0.29489802207774,0.327344254496639,0.367651914798596,0.142585861555725,0.120290140320067,0.235879276922453,0.0847251595196332,0.131250259733696,0.518587834075824,27936,0.779352806414662,0.264928319352499,0.0684063573883162,0.268042894499534,0.152240836197022,0.467028786147967,810,21772,0,1749,1911,1694,"epithelial",0.0242825534768753,0.768584250966737,0.0566964897646234,0.541051879553755,FALSE,FALSE,FALSE,FALSE,FALSE,FALSE,FALSE
"TIMM50",0.802378111851154,0.0374496308860428,-0.216469250310883,0.11596246783441,0.0619409494829073,-0.118766751087351,0.126214354511169,0.346708742844481,-0.20577906134819,0.289729270585298,0.47755158736231,-0.114256318157896,0.125620078660261,0.363065859930359,-0.0609589581557155,0.120393160483792,0.612623320029626,25591,0.829080536125982,0.332891882360985,0.0515415575788363,0.238548987367388,0.119377906295182,0.428559130271627,584,21217,0,1074,1319,1397,"epithelial",-0.169442374001645,0.0467477038472652,-0.0884990560381561,0.309688837652578,FALSE,FALSE,FALSE,FALSE,TRUE,FALSE,FALSE
"TK1",0.793397895824745,0.0291843906857602,-0.0464079518503054,0.109820454962124,0.672601561762679,0.106952861517111,0.117504297195054,0.362715023928777,0.716017847050086,0.292773711628995,0.0144597014711046,-0.00539652631426765,0.112048805751564,0.961586908935836,0.0281995217527183,0.10792197702095,0.79386467365654,17165,0.861404019807748,0.142851946229133,0.0540052432274978,0.103235424318841,0.0845907369647539,0.753912629452026,222,14786,2,675,927,553,"epithelial",-0.0263140970592939,0.737242398646512,0.0642346174301812,0.419009522111445,FALSE,FALSE,FALSE,FALSE,FALSE,FALSE,FALSE
"TMEM205",0.755150895178971,0.0124688834356822,0.12412272532144,0.110267011700928,0.260311147011031,0.129996720885762,0.115582330422681,0.260711509884563,0.21600804022748,0.271875697008461,0.426898418033598,0.320856783010336,0.122405095146498,0.00876028947906436,0.248490443917001,0.123584324217456,0.04435763020962,34196,0.78085156158615,0.261367314610996,0.0790150894841502,0.304864167494523,0.140133348929699,0.43376851789448,1661,26702,0,1881,2702,1250,"epithelial",0.212254349677687,0.00957579318127492,0.185283474328836,0.0281723352049037,FALSE,FALSE,FALSE,FALSE,FALSE,FALSE,FALSE
"TMEM97",0.710388912145134,0.000896032347508229,-0.109600026290451,0.10628412797298,0.302447775029488,0.0621808534357878,0.112198761012443,0.579440148130044,0.356207166338486,0.217985613022876,0.102240863505206,0.170734525376736,0.13043904016107,0.190560783810848,0.134246887927329,0.1188942737183,0.258843718972049,16284,0.957811348563007,0.703452650810277,0.0106853352984525,0.0904600034340235,0.0315033161385409,0.206087345755699,92,15597,0,175,174,246,"epithelial",0.0022570532437325,0.978146221557274,0.0961276358450687,0.2387879154123,FALSE,FALSE,FALSE,FALSE,FALSE,FALSE,FALSE
"TPX2",0.809436325322302,0.0352254089882815,-0.163576669161693,0.108941750883491,0.133224791590337,-0.115122612046963,0.120134386640109,0.337920612505735,-0.202492116782719,0.275153606148928,0.461777007363056,-0.0616590413657604,0.107023775773292,0.564530893155492,-0.0262729565482958,0.103029477103814,0.7987198016213,9206,0.924831631544645,0.0756342730825878,0.0250923310884206,0.0236543230956391,0.0500760373669346,0.900711403821773,44,8514,3,147,231,267,"epithelial",-0.111712803145879,0.143402340310663,-0.0639274716322032,0.413694602740218,FALSE,FALSE,FALSE,FALSE,FALSE,FALSE,FALSE
"TRAP1",0.763904091141036,0.0116518694532819,-0.28748435810295,0.10194227491629,0.00480131643982504,-0.264143642082871,0.120655932492437,0.0285800940940974,-0.103394816340129,0.283420901212364,0.715253141467617,0.0295370528744583,0.113671358070761,0.794982531399787,0.0863138075233754,0.114037921704729,0.449117632282619,29230,0.935716729387615,0.594945463281466,0.0227848101265823,0.166990486547862,0.0414984604858023,0.238064050170672,280,27351,0,442,666,491,"epithelial",-0.146168295959754,0.0541074824927065,-0.0790404004170622,0.340236975616186,TRUE,TRUE,FALSE,FALSE,FALSE,FALSE,FALSE
"TRIAP1",0.7695978036118,0.0196719393541127,-0.0710298724526511,0.113268947140197,0.530599961730793,0.0939994460070147,0.11795234717665,0.425493252536697,0.593145210098609,0.309167454215663,0.0550445899841225,0.00613799067889078,0.117192747796497,0.958229754411804,0.00970202309930467,0.124001079236397,0.937635998049583,21061,0.777313517876644,0.267493230327602,0.0675181615307915,0.267824767507294,0.155168320592564,0.464682002165104,476,16371,0,767,1422,2025,"epithelial",-0.0337594067309784,0.678504220431201,0.0539568177741229,0.527814989249992,FALSE,FALSE,FALSE,FALSE,FALSE,FALSE,FALSE
"TROAP",0.779727026683604,0.0221261899146605,0.0154938285805034,0.107755847297339,0.885669118913244,0.104121263527123,0.11641841321338,0.371123373360406,0.27997706894751,0.31950886672453,0.380881510586892,0.0262503725216071,0.112944684402491,0.816213405011738,0.105989175354143,0.110973672598011,0.339535236690063,5831,0.922140284685303,0.0502082176485096,0.0202366660950094,0.0127007781071498,0.0576230492196879,0.937091004244341,81,5377,3,93,118,159,"epithelial",0.020619345745928,0.791417684214402,0.10509991962346,0.190732543051954,FALSE,FALSE,FALSE,FALSE,FALSE,FALSE,FALSE
"TTC27",0.756599610926909,0.0116518694532819,-0.162406504424975,0.114067978151329,0.154513217104475,-0.121942964756897,0.122423306014038,0.319213030231974,-0.0151442222271213,0.308894788388445,0.960897682334721,-0.0851023368515224,0.121330934329793,0.483049207986568,-0.0934814889697141,0.123699896809455,0.449821923867229,2929,0.825537726186412,0.327688620003527,0.0556503926254694,0.254628036178421,0.118811881188119,0.417683343818052,60,2418,0,109,163,179,"epithelial",-0.126137281291437,0.129073900004699,-0.107859846755069,0.215135852338736,FALSE,FALSE,FALSE,FALSE,FALSE,FALSE,FALSE
"UBD",0.766993652754683,0.0147144453029172,-0.021644588458372,0.109643637159092,0.843507860535449,-0.0554956731062567,0.108091414760995,0.60766157665264,-0.186368034099561,0.218758086144838,0.394249246108538,-0.138243021893169,0.118170413958851,0.242056695327806,-0.124332741152562,0.12603427540391,0.323888093625397,2467,0.856100526955817,0.364437738030594,0.0705310093230645,0.346092533529423,0.0733684637211188,0.289469728439983,19,2112,0,123,174,39,"epithelial",-0.075585786132275,0.34700706818843,-0.0846694947108263,0.30210203726804,FALSE,FALSE,FALSE,FALSE,FALSE,FALSE,FALSE
"WDR18",0.787974857396559,0.0325830128515717,-0.00897663304677029,0.116705643066327,0.938689675139885,0.00888431872854426,0.119467597741989,0.940719219514672,0.158148095029542,0.27157155763998,0.560334924571011,0.0328647019405253,0.119737214093606,0.783720703551778,0.0377702024293877,0.119505835096645,0.751962123032415,19486,0.843682643949502,0.354726358842725,0.0543467104587909,0.263391139503333,0.101970645591707,0.381882501653941,303,16440,0,738,1059,946,"epithelial",0.0114076505974137,0.891428645797086,0.0233226386436394,0.782516829861069,FALSE,FALSE,FALSE,FALSE,FALSE,FALSE,FALSE
"XKRX",0.743894425431474,0.015540480401696,-0.0748325151338,0.106734533295042,0.483235150630467,0.0920993931824813,0.114099179773837,0.419558660619231,0.416760979503145,0.237750355003557,0.0796131209748226,-0.000369383917500799,0.112547893860659,0.99738133530925,-0.023427816866932,0.109884821474299,0.831168321244648,516,0.928294573643411,0.595850947160663,0.00581395348837209,0.0430166839432479,0.0658914728682171,0.361132368896089,5,479,0,4,3,25,"epithelial",-0.0395736429626968,0.609364076009577,0.0321628617365218,0.684476480181776,FALSE,FALSE,FALSE,FALSE,FALSE,FALSE,FALSE
"ZBED3",0.790132773005559,0.0240057793185732,-0.248809731530726,0.0992302897157675,0.0121624020003221,-0.143711098431894,0.103347574889446,0.164358615016846,-0.0412420623433608,0.197792830998081,0.83482967349041,0.0784929071406648,0.113958783119662,0.490959643991847,0.0326780956867223,0.119038535890368,0.783687380313323,2223,0.865047233468286,0.385337332331906,0.051731893837157,0.26562759845296,0.0832208726945569,0.349035069215134,22,1923,0,142,115,21,"epithelial",-0.10766320175057,0.150245966985611,-0.0679003935355637,0.384260792644779,TRUE,FALSE,FALSE,FALSE,FALSE,FALSE,FALSE
"ZNHIT3",0.792637583761112,0.0317301239677222,-0.130496931332449,0.109978214000755,0.235396981042781,-0.0198769345390827,0.120289519369715,0.868753156516104,-0.0156560879953705,0.251138889420904,0.950291790808209,0.144319720788438,0.114940553309845,0.209259888770057,0.0614167324560278,0.123748555442101,0.619680917104004,22424,0.738405280057082,0.160693102494956,0.0490545843738851,0.123053960450342,0.212540135569033,0.716252937054702,711,16558,1,1011,1100,3043,"epithelial",0.000851117971983687,0.991454097299085,0.0196178605170353,0.820080364499327,FALSE,FALSE,FALSE,FALSE,FALSE,FALSE,FALSE
"ZWINT",0.789556675518529,0.0227906613872393,-0.0864943765948318,0.106190654385699,0.415347309395877,0.0437065625413604,0.12304203808406,0.722427401954836,0.352411133114343,0.286465215375195,0.218620095997084,0.0779939945189358,0.115699449653293,0.500242269635267,0.132548716556207,0.11345799674868,0.242700919384248,10211,0.866026833806679,0.101696267134143,0.0380961707962002,0.0515666052284656,0.0958769953971207,0.846737127637392,142,8843,2,372,389,463,"epithelial",-0.0112861928323021,0.885293774453578,0.0917220189832631,0.271481309233655,FALSE,FALSE,FALSE,FALSE,FALSE,FALSE,FALSE
